idade,renda_mensal,dependentes,estado_civil,valor_investir_mensal,experiencia_anos,patrimonio_total,dividas_percentual,tolerancia_perda_1,tolerancia_perda_2,horizonte_investimento,conhecimento_mercado,estabilidade_emprego,tem_reserva_emergencia,planos_grandes_gastos,perfil_risco
59,9598.58,0,1,1199.82,8,131110,25.16,2.5,2.7,6,2,10,0,1,conservador
51,9924.83,4,1,1984.97,26,75775,24.38,7.5,7.7,14,8,4,0,1,moderado
59,2506.0,1,1,438.55,26,-201807,100.0,7.5,7.9,6,6,10,1,1,moderado
39,4393.0,1,2,878.6,14,1709,25.88,5.0,4.7,26,8,3,0,1,moderado
78,14341.33,2,2,2509.73,40,117604,17.5,5.0,4.8,5,8,3,0,1,moderado
34,11280.25,4,1,2256.05,9,102875,31.87,7.5,7.8,31,10,8,0,1,agressivo
68,1838.67,0,0,367.73,40,61055,33.31,7.5,7.2,5,8,5,1,1,moderado
42,7304.67,2,0,1095.7,8,1606132,20.28,2.5,2.2,23,4,9,1,1,moderado
46,1132.83,1,2,198.25,16,31856,19.1,5.0,4.8,19,6,10,1,1,moderado
66,5725.17,0,1,1001.9,31,383729,19.55,5.0,4.9,5,8,6,1,1,moderado
74,25167.42,2,0,3145.93,12,205742,28.49,5.0,4.6,5,2,6,0,1,moderado
31,2583.17,1,1,322.9,2,799929,28.49,2.5,2.8,34,2,9,1,1,conservador
58,2828.83,2,1,424.32,16,44321,31.24,5.0,5.5,7,4,7,0,1,conservador
54,10161.0,0,2,1778.18,22,40156,29.85,7.5,7.7,11,6,9,0,1,moderado
34,1604.92,1,0,280.86,7,624124,25.09,5.0,4.9,31,8,9,1,1,moderado
60,3323.83,1,1,581.67,26,-68460,100.0,10.0,10.0,5,6,7,0,1,moderado
35,8886.08,1,1,1110.76,2,11879,27.74,7.5,7.1,30,2,8,0,1,moderado
52,3319.75,0,0,580.96,20,-16107,100.0,10.0,10.0,13,6,4,0,0,moderado
43,4565.58,4,0,913.12,18,215253,28.9,2.5,2.1,22,10,7,1,1,moderado
47,10001.0,1,1,1750.18,16,423642,26.13,7.5,7.0,18,8,10,1,1,agressivo
46,7725.83,2,2,1352.02,16,43527,25.52,2.5,2.1,19,6,9,0,1,conservador
64,6826.33,1,1,1365.27,39,1523,28.24,5.0,4.7,5,8,9,0,1,moderado
35,4204.0,0,1,840.8,10,264298,26.86,5.0,4.7,30,10,9,1,0,agressivo
56,7414.08,1,2,1297.46,23,19332,28.22,5.0,4.6,9,6,10,0,1,moderado
44,4994.5,1,1,998.9,19,5848,27.74,7.5,7.2,21,8,10,0,1,agressivo
46,7953.25,1,1,1391.82,16,1722,29.37,7.5,7.4,19,6,10,0,1,agressivo
57,3705.33,1,0,741.07,32,408795,28.2,2.5,2.2,8,10,9,1,1,moderado
41,4764.92,1,2,714.74,8,-43868,100.0,5.0,4.6,24,4,8,0,1,conservador
45,2497.67,0,1,374.65,10,85949,26.25,5.0,5.0,20,4,10,1,0,moderado
51,5361.92,1,2,670.24,6,968531,28.8,5.0,5.4,14,2,7,1,1,moderado
35,2882.08,0,0,576.42,10,313635,25.08,7.5,7.0,30,10,8,1,0,agressivo
44,2261.58,0,1,395.78,14,1361979,21.41,5.0,5.1,21,8,10,1,0,moderado
55,6781.92,3,0,1017.29,15,14926,16.7,10.0,9.9,10,4,10,0,1,moderado
25,6537.33,1,1,980.6,0,114482,26.9,2.5,2.7,40,4,8,1,1,moderado
30,10315.33,2,1,2063.07,5,10667,27.39,5.0,4.7,35,8,8,0,1,moderado
45,3905.67,1,0,781.13,20,85470,32.96,5.0,5.2,20,8,10,1,1,moderado
55,7642.92,3,2,1337.51,22,83039,23.57,2.5,2.3,10,6,9,0,1,conservador
78,8567.5,1,1,1499.31,40,308636,24.14,5.0,5.5,5,8,5,1,1,moderado
44,7870.75,2,1,1377.38,14,129100,20.67,7.5,7.5,21,8,9,0,1,agressivo
29,2848.5,0,1,498.49,3,307155,18.11,7.5,7.7,36,8,9,1,0,agressivo
27,6214.08,4,1,1242.82,2,346334,30.16,5.0,4.8,38,10,8,1,1,moderado
44,7379.08,2,1,1106.86,10,-916594,100.0,5.0,5.0,21,4,9,1,1,moderado
74,5546.0,3,1,970.55,37,75135,21.56,2.5,2.3,5,6,3,0,1,conservador
27,1038.83,0,0,155.82,1,29391,27.68,2.5,2.6,38,4,5,1,0,moderado
45,6269.67,0,1,1097.19,15,174403,28.89,5.0,5.3,20,8,9,0,0,moderado
54,32374.17,0,1,5665.48,22,36191,25.45,2.5,2.8,11,6,9,0,1,moderado
39,4134.25,0,2,723.49,10,1113413,31.64,7.5,7.7,26,8,8,1,0,agressivo
64,3079.83,3,2,461.97,20,78839,24.99,7.5,7.7,5,4,7,0,1,moderado
64,7433.58,0,1,1300.88,29,51618,22.21,10.0,9.8,5,6,10,0,1,agressivo
30,7079.75,0,1,1061.96,2,59458,31.92,5.0,4.5,35,4,3,0,1,moderado
57,14318.08,0,0,2147.71,16,-106260,100.0,10.0,10.0,8,4,7,0,1,moderado
58,2015.83,0,1,251.98,8,95166,31.43,5.0,5.3,7,2,7,1,1,conservador
46,9899.08,0,1,1979.82,21,46050,19.95,5.0,4.6,19,8,10,0,1,moderado
36,8843.42,2,0,1547.6,8,1465970,17.2,10.0,10.0,29,8,8,1,1,agressivo
69,4921.5,1,1,861.26,33,33381,18.5,5.0,4.9,5,6,5,0,1,conservador
32,7230.33,0,1,1446.07,7,127178,22.24,2.5,2.2,33,10,9,0,0,moderado
40,12564.83,1,1,2512.97,15,320763,32.96,7.5,8.0,25,10,9,1,1,agressivo
58,11080.5,1,1,1939.09,25,10435,26.88,10.0,10.0,7,6,7,0,1,agressivo
63,2209.83,0,1,386.72,28,247803,23.78,7.5,7.5,5,8,9,1,1,moderado
70,10627.67,2,2,1859.84,34,24768,31.82,5.0,5.2,5,6,5,0,1,conservador
37,5236.08,2,1,916.31,9,414228,25.15,5.0,5.2,28,8,9,1,1,moderado
68,5845.25,2,1,1022.92,32,28453,22.75,10.0,9.7,5,6,3,0,1,moderado
51,5846.75,2,1,1169.35,26,340834,32.54,2.5,2.9,14,10,7,1,1,conservador
51,4889.75,0,2,977.95,26,633331,31.26,5.0,5.3,14,10,9,1,0,moderado
46,14306.33,4,0,2145.95,10,438956,31.18,2.5,2.9,19,4,9,0,1,conservador
68,5157.0,2,1,773.55,22,175777,26.13,5.0,4.6,5,4,5,1,1,moderado
29,2251.67,3,2,394.04,3,85224,30.4,5.0,5.0,36,6,8,1,1,moderado
29,4024.92,0,1,603.74,2,50785,20.24,2.5,2.7,36,4,9,0,0,moderado
71,6361.67,3,1,795.21,12,1095314,27.11,2.5,2.0,5,2,1,1,1,conservador
58,14742.08,2,1,2948.42,33,42224,33.12,5.0,5.0,7,8,9,0,1,moderado
74,8933.5,2,1,1340.02,24,25448,22.32,2.5,2.3,5,4,6,0,1,conservador
64,2792.42,0,1,558.48,39,327110,30.47,2.5,2.3,5,10,9,1,1,conservador
43,40265.25,2,0,8053.05,18,-10957,100.0,7.5,8.0,22,8,7,0,1,agressivo
66,6815.17,4,1,1363.03,40,28995,25.77,5.0,5.0,5,8,6,0,1,conservador
61,15296.83,2,0,2294.52,18,13829,17.49,5.0,5.3,5,4,10,0,1,moderado
40,4884.0,1,1,732.6,8,58432,30.02,10.0,9.8,25,4,6,0,1,agressivo
49,8448.75,3,1,1478.53,18,106502,20.04,2.5,2.0,16,8,10,0,1,conservador
36,10793.08,1,1,1618.96,6,-52086,100.0,5.0,5.2,29,4,6,0,1,moderado
72,14612.67,1,2,2191.9,24,502303,28.03,5.0,4.8,5,4,6,1,1,moderado
79,12848.5,1,1,1927.28,27,-79727,100.0,7.5,7.7,5,4,3,0,1,moderado
79,11079.42,3,0,1661.91,27,90553,18.41,10.0,10.0,5,4,6,0,1,moderado
33,4285.58,0,1,642.84,4,89563,32.62,10.0,10.0,32,4,9,1,0,agressivo
57,3490.08,1,1,698.02,32,259169,22.33,7.5,7.6,8,10,7,1,1,agressivo
78,7195.25,2,1,1079.29,26,813299,21.13,2.5,2.6,5,4,5,1,1,conservador
42,11632.92,2,1,1454.12,4,145724,19.27,2.5,2.8,23,2,8,0,1,conservador
63,4614.25,1,1,807.49,28,59653,32.61,5.0,4.6,5,6,10,0,1,conservador
34,12929.0,3,1,2585.8,9,27192,29.26,2.5,2.7,31,8,8,0,1,moderado
58,17626.92,3,0,2644.04,16,13796,29.7,7.5,7.5,7,4,9,0,1,moderado
47,2649.25,0,1,397.39,11,327552,25.92,5.0,4.6,18,4,4,1,0,moderado
49,2823.0,1,0,494.02,18,286922,25.51,2.5,2.5,16,8,4,1,1,moderado
60,4928.5,0,1,985.7,35,-85997,100.0,7.5,7.3,5,8,9,0,1,moderado
51,7052.75,0,0,1410.55,26,99410,18.9,2.5,2.7,14,8,9,0,0,moderado
65,3624.33,1,0,634.26,30,994904,26.9,5.0,5.5,5,8,5,1,1,moderado
57,16266.33,3,1,2439.95,16,58327,21.51,5.0,4.6,8,4,7,0,1,moderado
25,7741.42,2,1,1354.75,0,505298,33.03,5.0,5.1,40,8,8,1,1,agressivo
55,5691.0,0,0,711.38,8,113764,30.51,5.0,5.4,10,2,10,1,1,conservador
63,1748.17,0,2,349.63,38,48410,24.47,2.5,2.3,5,8,10,1,1,conservador
64,1924.5,1,1,384.9,39,293254,19.7,5.0,5.4,5,10,10,1,1,moderado
63,6904.25,1,1,1380.85,38,-66868,100.0,7.5,7.2,5,8,10,0,1,moderado
61,1001.25,0,2,150.19,18,205964,30.34,10.0,10.0,5,4,9,1,1,moderado
42,12396.92,3,1,1549.62,4,136205,19.13,5.0,5.2,23,2,6,0,1,moderado
50,4858.83,3,0,850.3,19,113909,20.43,5.0,4.8,15,8,9,0,1,moderado
44,73833.42,1,1,14766.68,19,4336412,20.85,7.5,7.5,21,10,10,1,1,agressivo
63,34941.33,3,1,6988.27,38,-213717,100.0,10.0,9.6,5,8,10,0,1,moderado
55,4769.17,0,0,715.38,15,356553,26.85,2.5,2.9,10,4,9,1,1,conservador
66,5064.5,2,0,759.68,20,142585,30.37,5.0,4.9,5,4,6,1,1,conservador
45,12228.83,1,1,2140.05,15,-163859,100.0,7.5,7.8,20,6,9,0,1,moderado
54,21539.17,0,1,3230.88,14,262233,22.74,5.0,4.8,11,4,4,0,0,moderado
45,1487.17,3,0,297.43,20,-37621,100.0,2.5,3.0,20,8,10,0,1,conservador
76,1320.75,1,0,231.13,38,76469,18.39,5.0,5.3,5,6,6,1,1,moderado
77,3352.5,2,1,670.5,40,106790,25.34,2.5,2.7,5,10,5,0,1,conservador
26,8789.17,0,0,1538.1,1,1037,29.8,5.0,4.7,39,6,2,0,1,moderado
36,8205.75,0,0,1641.15,11,165363,21.04,5.0,5.5,29,10,6,0,0,agressivo
34,12976.67,0,0,1946.5,4,57947,21.01,7.5,7.1,31,4,6,0,1,agressivo
23,2111.83,1,0,422.37,0,1314550,32.62,5.0,4.6,40,10,8,1,1,moderado
69,864.5,2,1,129.68,22,124121,32.72,2.5,2.1,5,4,1,1,1,conservador
66,10954.42,0,0,1917.02,31,20263,33.21,2.5,2.4,5,6,6,0,1,conservador
64,2842.75,2,0,426.41,20,111879,30.67,7.5,7.3,5,4,10,1,1,moderado
58,1096.92,2,1,191.96,25,-7531,100.0,2.5,2.6,7,6,7,0,1,conservador
57,6192.75,2,1,928.91,16,245269,20.41,5.0,5.4,8,4,4,1,1,moderado
76,10400.75,1,1,1560.11,26,186543,20.86,2.5,2.2,5,4,6,0,1,conservador
48,5001.25,3,0,1000.25,23,-152175,100.0,7.5,7.5,17,8,10,0,1,moderado
33,3823.08,1,1,573.46,4,36815,23.2,5.0,5.3,32,4,9,0,1,moderado
62,4854.17,1,0,970.83,37,126881,22.81,5.0,5.1,5,10,10,1,1,moderado
54,4099.5,0,2,819.9,29,15560,32.75,5.0,5.1,11,8,10,0,0,moderado
29,1875.5,0,0,234.44,1,345325,30.4,7.5,7.4,36,2,3,1,0,moderado
42,3113.0,0,2,622.6,17,262578,29.44,5.0,5.0,23,10,6,1,0,agressivo
58,8367.5,1,2,1255.13,16,253649,20.37,7.5,8.0,7,4,7,1,1,moderado
78,7132.58,0,1,891.57,13,120864,32.1,7.5,7.1,5,2,3,1,0,moderado
45,6307.75,0,0,1103.86,15,224618,30.96,10.0,10.0,20,8,9,1,0,agressivo
38,2487.33,2,1,497.47,13,1337762,19.94,5.0,5.3,27,10,6,1,1,moderado
68,4768.92,0,2,596.12,11,78618,31.57,10.0,9.8,5,2,5,1,1,moderado
41,966.25,0,1,169.09,12,-44533,100.0,2.5,2.5,24,6,9,0,0,conservador
24,6360.5,0,2,1113.09,0,-7092,100.0,5.0,4.9,40,6,7,0,1,moderado
61,17295.08,2,0,3459.02,36,32781,21.98,7.5,7.6,5,8,9,0,1,agressivo
55,1695.58,0,0,211.95,8,139625,18.32,2.5,2.2,10,2,7,1,1,conservador
55,3450.75,1,1,690.15,30,631529,28.42,2.5,2.1,10,10,4,1,1,moderado
67,7175.08,1,1,1435.02,40,82090,28.37,5.0,4.9,5,8,5,0,1,moderado
59,15023.42,2,0,3004.68,34,84636,18.6,5.0,4.8,6,8,7,0,1,moderado
57,3852.58,1,1,770.52,32,-19647,100.0,5.0,4.9,8,8,10,0,1,conservador
48,3169.33,2,2,633.87,23,54060,22.82,7.5,7.0,17,8,7,0,1,moderado
38,1141.33,0,1,142.67,3,-56301,100.0,7.5,7.3,27,2,8,0,0,conservador
25,5989.92,0,0,1048.24,0,12760,33.24,5.0,4.7,40,6,8,0,1,moderado
60,28247.25,0,1,4943.27,26,823574,28.75,2.5,2.5,5,8,9,1,1,moderado
54,6884.17,0,0,1032.63,14,44438,29.53,10.0,9.7,11,4,9,0,1,agressivo
38,5416.83,0,0,947.95,10,356060,20.88,2.5,2.7,27,8,9,1,0,moderado
27,7134.92,0,1,1248.61,2,17943,18.28,2.5,2.3,38,6,2,0,1,moderado
49,5465.5,1,1,956.46,18,328818,22.06,2.5,2.5,16,8,10,1,1,moderado
63,2877.5,2,1,575.5,38,330352,21.55,5.0,5.0,5,10,4,1,1,moderado
61,10654.25,0,0,1331.78,9,-64365,100.0,2.5,2.9,5,2,7,0,1,conservador
35,6605.75,2,0,1321.15,10,27128,21.28,2.5,2.6,30,8,9,0,1,moderado
43,5592.5,0,0,978.69,14,175311,20.5,5.0,4.9,22,8,9,1,0,agressivo
36,2527.0,0,0,442.22,8,20443,27.14,2.5,2.6,29,6,6,0,0,conservador
28,15644.83,1,1,3128.97,3,-24757,100.0,5.0,4.7,37,8,8,0,1,moderado
77,9384.83,0,1,1642.35,39,564739,22.98,7.5,7.6,5,8,3,1,0,agressivo
41,3543.08,0,1,620.04,12,398336,30.85,7.5,7.9,24,8,8,1,0,agressivo
69,12290.08,1,1,2150.76,33,123349,20.33,2.5,2.2,5,8,5,0,1,conservador
42,3703.5,3,2,648.11,13,-8381,100.0,2.5,2.3,23,6,3,0,1,conservador
60,2949.75,2,2,589.95,35,-95264,100.0,10.0,10.0,5,8,10,0,1,moderado
63,3002.83,0,1,600.57,38,124128,25.34,2.5,2.1,5,10,9,1,1,moderado
54,1337.0,2,0,200.55,14,3712,16.95,7.5,7.6,11,4,10,0,1,moderado
61,8041.08,2,2,1206.16,18,390016,25.62,2.5,2.6,5,4,7,1,1,conservador
61,1274.25,1,1,222.99,27,116267,17.81,10.0,9.7,5,8,7,1,1,agressivo
65,2063.83,2,1,257.98,10,732103,33.03,5.0,5.1,5,2,6,1,1,conservador
31,1047.92,1,1,183.39,4,23320,30.42,5.0,5.3,34,6,9,0,1,conservador
35,5147.33,0,0,772.1,5,1027,25.76,7.5,8.0,30,4,9,0,1,moderado
82,4889.42,1,2,855.65,40,183253,18.43,5.0,5.3,5,8,5,1,1,moderado
24,4246.0,1,0,530.75,0,-56014,100.0,5.0,5.1,40,2,7,0,1,conservador
36,2394.67,1,1,359.2,6,-2864,100.0,5.0,4.7,29,4,3,0,1,conservador
57,2158.75,1,1,431.75,32,27784,27.42,7.5,7.6,8,8,9,0,1,moderado
58,7995.08,3,0,1399.14,25,7518119,29.95,2.5,2.2,7,8,10,1,1,conservador
68,3549.75,3,2,709.95,40,76235,20.46,2.5,2.3,5,8,3,1,1,conservador
62,7102.33,3,0,1420.47,37,360929,27.03,5.0,4.6,5,10,9,1,1,moderado
71,2715.92,2,0,475.29,34,45433,30.76,2.5,2.4,5,6,5,1,1,conservador
37,6373.75,3,1,796.72,3,5242,30.09,5.0,4.6,28,2,9,0,1,conservador
21,15642.0,0,2,3128.4,0,93396,30.6,2.5,2.5,40,8,7,0,1,moderado
69,8813.33,0,0,1762.67,40,-24285,100.0,5.0,5.1,5,8,1,0,1,conservador
44,3964.58,1,1,792.92,19,66183,31.68,2.5,2.6,21,8,9,0,1,conservador
35,6774.0,2,0,1016.1,5,101522,32.49,5.0,4.9,30,4,9,1,1,moderado
72,4548.5,1,1,909.7,40,179225,24.34,2.5,2.9,5,10,5,1,1,moderado
38,5549.08,2,1,832.36,6,-28878,100.0,2.5,2.4,27,4,3,0,1,conservador
40,4249.67,0,1,849.93,15,18105,27.04,2.5,2.3,25,8,9,0,1,moderado
55,4834.92,0,1,966.98,30,250015,30.42,10.0,9.5,10,10,9,1,1,agressivo
63,6533.92,2,1,980.09,19,6476,29.03,2.5,2.3,5,4,4,0,1,conservador
51,2490.92,0,1,498.18,26,5566,33.27,7.5,7.4,14,8,10,0,0,moderado
70,2446.42,0,0,366.96,22,-109622,100.0,2.5,2.2,5,4,3,0,0,conservador
33,1815.75,0,1,363.15,8,257952,16.95,2.5,2.7,32,10,8,1,0,moderado
66,1532.83,0,1,229.92,20,110625,23.46,5.0,5.3,5,4,3,1,1,conservador
72,2082.33,2,1,416.47,40,14865,22.14,5.0,5.0,5,8,5,0,1,conservador
55,6264.5,0,0,783.06,8,41694,21.8,10.0,10.0,10,2,10,0,1,moderado
58,2699.58,1,1,539.92,33,-24389,100.0,10.0,10.0,7,8,7,0,1,moderado
33,8316.33,0,1,1455.36,6,11005,21.06,7.5,7.3,32,6,9,0,1,agressivo
82,5669.5,2,2,992.16,40,-11938,100.0,5.0,4.6,5,6,5,0,1,conservador
40,1141.67,0,0,171.25,8,320775,29.22,5.0,4.7,25,4,9,1,0,moderado
48,9312.08,1,2,1862.42,23,1025774,18.4,5.0,4.6,17,10,10,1,1,agressivo
73,10548.42,2,1,1582.26,24,64269,29.7,10.0,10.0,5,4,1,0,1,moderado
38,2489.83,0,1,435.72,10,375019,28.98,5.0,5.2,27,8,8,1,0,moderado
53,7717.5,3,0,1157.63,14,6828,21.58,5.0,5.1,12,4,4,0,1,moderado
34,2779.08,1,1,555.82,9,324219,21.62,2.5,2.7,31,10,9,1,1,moderado
62,5962.33,1,1,745.29,9,36101,27.99,2.5,2.4,5,2,9,0,1,conservador
71,2005.17,0,1,300.78,23,-57356,100.0,10.0,10.0,5,4,6,0,0,moderado
34,1313.67,3,2,197.05,4,83147,30.0,5.0,5.4,31,4,6,1,1,moderado
26,4059.58,2,1,710.43,1,873812,31.64,5.0,4.8,39,8,5,1,1,moderado
20,4994.58,0,2,749.19,0,32478,31.3,2.5,2.4,40,4,8,0,1,conservador
39,4011.58,0,2,702.03,10,309096,32.86,7.5,7.6,26,8,3,1,0,agressivo
51,2138.5,2,1,427.7,26,79279,27.24,2.5,2.6,14,8,10,1,1,conservador
76,4004.5,2,0,800.9,40,95086,32.09,7.5,7.3,5,8,5,0,1,moderado
56,6839.83,2,0,1196.97,23,91511,30.68,2.5,2.2,9,6,4,0,1,conservador
55,5319.67,1,2,664.96,8,33910,31.9,7.5,7.8,10,2,7,0,1,conservador
67,6381.08,2,1,1276.22,40,118048,16.91,7.5,7.2,5,10,1,0,1,moderado
57,3226.0,0,0,483.9,16,109757,32.88,2.5,2.6,8,4,10,1,1,conservador
43,14079.33,0,1,2815.87,18,173140,25.49,5.0,5.2,22,10,10,0,0,agressivo
39,2152.0,1,2,322.8,7,-41059,100.0,5.0,5.4,26,4,9,0,1,conservador
66,8144.83,4,1,1425.35,31,399109,30.53,2.5,2.4,5,8,5,1,1,conservador
64,14194.42,0,1,2484.02,29,481789,19.24,7.5,7.5,5,8,7,1,1,agressivo
29,8101.58,1,0,1620.32,4,24935,24.17,5.0,5.0,36,8,9,0,1,agressivo
55,4689.42,2,2,703.41,15,443813,21.96,5.0,4.7,10,4,7,1,1,moderado
42,3613.58,1,0,632.38,13,20343,22.33,2.5,2.4,23,6,9,0,1,conservador
71,12631.67,2,1,1894.75,23,291205,19.16,5.0,4.6,5,4,6,0,1,conservador
34,1766.42,2,1,353.28,9,305470,30.64,7.5,7.5,31,10,6,1,1,agressivo
66,2537.58,0,2,507.52,40,6856,16.86,5.0,4.9,5,8,5,0,1,conservador
77,4012.0,5,0,702.1,39,138616,22.71,10.0,10.0,5,8,3,1,1,agressivo
43,14842.0,2,2,2597.35,14,59710,20.15,10.0,9.9,22,6,10,0,1,agressivo
48,7471.92,3,1,1494.38,23,38632,27.36,2.5,2.9,17,8,7,0,1,moderado
55,2541.83,2,1,444.82,22,914633,21.65,2.5,2.9,10,8,10,1,1,conservador
54,4302.0,3,0,752.85,22,45228,21.73,7.5,7.3,11,6,10,0,1,moderado
28,3373.25,0,2,590.32,2,35969,25.73,5.0,5.1,37,6,6,0,0,moderado
43,3125.17,0,1,625.03,18,-40520,100.0,2.5,2.6,22,8,7,0,0,conservador
68,12066.67,3,2,1810.0,22,337184,28.36,2.5,2.2,5,4,6,0,1,conservador
49,1840.25,0,0,368.05,24,97492,19.12,5.0,5.2,16,8,10,1,0,moderado
74,19972.58,0,1,3495.2,37,693534,20.17,7.5,7.0,5,8,5,1,0,agressivo
64,10696.5,2,1,1337.06,10,267389,21.52,2.5,2.3,5,2,10,1,1,conservador
44,13197.42,2,1,2639.48,19,4594,32.98,2.5,2.5,21,8,7,0,1,moderado
40,3807.5,0,0,666.31,11,54491,24.19,10.0,10.0,25,6,6,0,0,agressivo
31,4890.92,3,1,733.64,3,51908,27.52,7.5,7.3,34,4,9,0,1,moderado
32,1752.08,2,1,306.61,5,247469,21.41,5.0,5.2,33,8,8,1,1,moderado
49,3624.08,1,2,724.82,24,2351,25.77,7.5,7.4,16,8,7,0,1,moderado
47,8184.58,2,1,1636.92,22,5517936,18.18,5.0,5.0,18,10,10,1,1,agressivo
48,15551.92,1,1,3110.38,23,267410,17.38,7.5,7.1,17,10,9,0,1,agressivo
64,2274.08,0,1,454.82,39,150740,25.41,5.0,5.1,5,10,10,1,1,moderado
54,4116.17,0,0,514.52,7,709525,24.22,2.5,2.1,11,2,9,1,0,conservador
65,4885.58,1,0,854.98,30,4055080,19.42,7.5,7.5,5,8,6,1,1,moderado
53,1805.25,1,1,361.05,28,445129,28.89,5.0,4.7,12,10,7,1,1,moderado
49,8850.0,2,0,1548.75,18,500428,33.24,10.0,10.0,16,8,9,1,1,agressivo
51,3089.92,2,0,540.74,20,146683,24.17,5.0,5.1,14,8,10,1,1,moderado
42,4716.25,1,1,825.34,13,97510,27.92,10.0,10.0,23,6,6,0,1,agressivo
74,3841.17,2,1,672.2,37,59059,32.84,10.0,9.9,5,6,6,0,1,moderado
42,2932.5,0,1,586.5,17,34920,31.01,2.5,2.9,23,8,8,0,0,conservador
57,5483.25,0,1,959.57,24,-12906,100.0,7.5,7.8,8,6,9,0,1,moderado
40,4640.58,3,0,812.1,11,15901,25.32,5.0,5.5,25,6,9,0,1,moderado
73,4095.33,0,0,819.07,40,-32280,100.0,10.0,9.9,5,8,1,0,0,moderado
31,3078.83,0,1,538.8,4,-2890,100.0,5.0,5.1,34,6,6,0,0,moderado
36,7120.33,2,1,1068.05,6,160552,29.64,7.5,7.2,29,4,9,1,1,agressivo
63,20702.0,1,1,3622.85,28,114176,19.25,5.0,5.2,5,8,7,0,1,moderado
54,6167.17,3,0,1233.43,29,150302,26.12,2.5,2.3,11,10,9,0,1,conservador
42,12234.17,0,1,2446.83,17,-16528,100.0,2.5,2.8,23,8,3,0,1,conservador
61,1813.25,0,0,362.65,36,12179814,22.1,5.0,4.5,5,10,10,1,1,moderado
48,6256.0,0,1,1251.2,23,927431,19.89,7.5,7.9,17,10,9,1,0,agressivo
43,2292.0,1,0,343.8,9,18642,24.69,5.0,4.8,22,4,9,0,1,moderado
44,1691.75,0,2,338.35,19,170980,19.31,5.0,5.2,21,10,9,1,0,moderado
68,3052.08,1,1,610.42,40,48435,29.06,2.5,2.4,5,8,5,1,1,conservador
61,14308.5,3,1,2146.28,18,26325,25.2,5.0,4.7,5,4,10,0,1,conservador
59,11791.17,3,2,1768.68,17,-4846,100.0,2.5,2.3,6,4,7,0,1,conservador
52,6697.5,0,1,1339.5,27,230573,26.44,7.5,7.9,13,10,9,0,0,agressivo
49,1617.92,1,0,323.58,24,43387,19.61,10.0,10.0,16,8,4,0,1,agressivo
39,4712.92,1,1,942.58,14,514905,19.48,5.0,5.5,26,10,9,1,1,agressivo
71,7019.5,3,0,1403.9,40,535348,27.27,2.5,2.5,5,10,3,1,1,moderado
31,6345.58,5,1,1110.48,4,-284048,100.0,2.5,2.9,34,6,3,0,1,conservador
27,1261.5,0,2,220.76,2,33571,33.13,5.0,4.7,38,6,5,0,0,moderado
60,2704.92,2,0,473.36,26,245990,18.62,5.0,4.9,5,8,7,1,1,moderado
44,5238.67,0,0,654.83,5,311352,22.22,7.5,8.0,21,2,7,1,0,agressivo
72,8468.58,0,0,1693.72,40,-17760,100.0,2.5,2.1,5,8,5,0,1,conservador
62,951.58,0,0,166.53,28,37886,31.55,7.5,7.8,5,6,9,1,1,moderado
49,4843.5,1,1,847.61,18,1348200,18.15,5.0,5.1,16,8,10,1,1,moderado
63,6182.83,1,2,1082.0,28,169607,31.64,5.0,5.4,5,8,9,1,1,moderado
68,10881.08,0,2,1904.19,32,312997,26.32,5.0,4.9,5,8,6,1,1,moderado
67,9598.58,2,1,1439.79,21,-10539,100.0,2.5,2.9,5,4,3,0,1,conservador
47,8788.0,0,2,1318.2,11,19362,24.38,5.0,5.1,18,4,9,0,1,moderado
28,2907.75,1,0,436.16,2,51319,22.65,7.5,7.6,37,4,8,0,1,moderado
19,1198.33,0,0,179.75,0,100104,22.43,5.0,4.5,40,4,8,1,0,moderado
69,4026.42,0,1,805.28,40,24432,22.59,7.5,7.1,5,8,1,0,1,moderado
50,12288.25,1,1,1843.24,12,118804,31.76,5.0,4.8,15,4,10,0,1,conservador
37,16812.08,0,1,2521.81,6,9578,29.44,2.5,2.1,28,4,9,0,1,moderado
55,9735.42,1,1,1703.7,22,22469,28.62,5.0,5.3,10,6,10,0,1,moderado
56,7774.17,0,0,1360.48,23,329841,30.54,5.0,4.7,9,8,4,1,1,moderado
55,7471.08,1,1,1120.66,15,298249,21.7,5.0,5.1,10,4,4,1,1,moderado
43,3534.0,0,1,706.8,18,66982,27.82,2.5,2.4,22,8,7,0,0,moderado
61,4969.33,2,2,993.87,36,26195,25.26,5.0,4.5,5,8,7,0,1,conservador
33,20959.5,2,1,3143.93,4,25819,30.3,2.5,2.5,32,4,9,0,1,conservador
44,2594.17,0,1,389.13,10,68878,22.65,2.5,2.3,21,4,4,1,0,conservador
36,20068.67,1,1,4013.73,11,317038,28.21,5.0,4.7,29,10,9,0,1,agressivo
62,4261.83,0,1,852.37,37,485225,31.72,5.0,5.5,5,10,10,1,1,moderado
39,15921.67,1,0,3184.33,14,57251,24.28,10.0,10.0,26,8,9,0,1,agressivo
29,1789.33,0,0,223.67,1,21370,18.03,5.0,5.4,36,2,8,0,0,moderado
56,8811.5,1,0,1542.01,23,-54056,100.0,7.5,7.7,9,6,7,0,1,moderado
56,3058.42,1,1,535.22,23,35055,26.19,5.0,4.9,9,6,9,0,1,conservador
32,1777.33,3,0,266.6,4,55415,23.3,7.5,7.6,33,4,3,1,1,moderado
64,6567.67,1,1,1149.34,29,880208,28.66,2.5,2.4,5,8,9,1,1,conservador
51,12365.5,1,1,2163.96,20,416929,32.67,10.0,10.0,14,8,10,1,1,agressivo
43,2804.92,1,1,420.74,9,152811,25.69,5.0,4.9,22,4,9,1,1,moderado
22,1662.17,3,1,332.43,0,17892,25.37,7.5,7.5,40,8,5,0,1,moderado
60,5123.58,2,1,1024.72,35,165560,28.39,5.0,4.6,5,10,7,0,1,moderado
55,5141.67,0,1,771.25,15,-178084,100.0,2.5,3.0,10,4,9,0,1,conservador
55,8550.5,2,2,1710.1,30,68634,18.77,5.0,4.8,10,8,9,0,1,moderado
63,11787.17,1,1,1768.08,19,914992,21.63,2.5,2.3,5,4,10,1,1,conservador
25,5258.25,2,1,1051.65,0,838288,32.24,5.0,4.9,40,10,7,1,1,moderado
45,24330.67,2,1,3649.6,10,1462414,28.62,2.5,2.7,20,4,4,1,1,moderado
70,6597.67,0,0,824.71,11,190587,16.95,5.0,5.3,5,2,6,1,0,moderado
33,4179.5,2,1,731.41,6,291002,20.72,10.0,10.0,32,8,6,1,1,agressivo
51,1519.0,0,2,265.83,20,1005787,28.82,5.0,4.7,14,8,9,1,0,moderado
29,4469.17,0,2,893.83,4,-70764,100.0,7.5,7.8,36,8,9,0,1,moderado
60,4213.17,0,1,737.3,26,56848,30.04,5.0,5.3,5,6,4,0,1,conservador
51,11888.58,2,1,1783.29,13,61524,31.13,5.0,5.1,14,4,9,0,1,conservador
60,7983.08,0,1,1397.04,26,172444,22.34,10.0,10.0,5,8,10,1,1,agressivo
57,2146.5,0,0,375.64,24,17398,32.4,7.5,7.1,8,6,10,0,1,conservador
71,6328.92,2,1,949.34,23,-29177,100.0,7.5,7.7,5,4,6,0,1,conservador
74,9436.25,0,1,1887.25,40,624571,26.79,2.5,2.9,5,10,3,1,0,moderado
28,18723.17,0,1,3744.63,3,-1351,100.0,5.0,4.6,37,8,8,0,1,moderado
55,11215.92,0,0,2243.18,30,-361403,100.0,2.5,2.9,10,8,4,0,1,conservador
72,10135.17,0,1,2027.03,40,649242,29.03,5.0,5.3,5,10,6,1,0,moderado
50,5785.75,1,1,867.86,12,60497,27.48,5.0,4.7,15,4,10,0,1,conservador
77,7523.17,0,0,1504.63,40,272416,19.15,7.5,7.5,5,10,6,1,0,agressivo
46,14983.33,4,0,2622.08,16,121142,32.84,7.5,7.8,19,8,9,0,1,moderado
62,1898.58,2,2,379.72,37,762978,19.15,5.0,5.2,5,10,4,1,1,moderado
76,4169.42,0,1,729.65,38,526509,21.66,2.5,3.0,5,8,3,1,0,moderado
34,2972.08,0,0,594.42,9,-4428,100.0,7.5,7.2,31,8,9,0,0,moderado
49,7468.17,1,0,1493.63,24,290946,30.75,2.5,2.5,16,10,7,1,1,moderado
75,14754.0,1,1,2950.8,40,88570,27.83,5.0,4.8,5,8,3,0,1,moderado
62,3420.33,0,0,684.07,37,136523,31.1,2.5,2.7,5,10,10,1,1,conservador
57,814.67,0,1,162.93,32,40446,26.18,5.0,4.9,8,8,7,1,1,moderado
66,3965.17,3,2,793.03,40,1659796,23.84,10.0,10.0,5,10,6,1,1,agressivo
56,11451.42,0,1,2004.0,23,573832,32.27,2.5,2.6,9,8,10,1,1,moderado
59,8477.67,0,0,1271.65,17,39749,17.42,5.0,4.7,6,4,10,0,1,moderado
56,7767.0,3,1,1359.22,23,16286,31.36,5.0,5.4,9,6,9,0,1,conservador
44,4407.58,2,2,550.95,5,67608,21.21,10.0,10.0,21,2,9,0,1,agressivo
53,1982.0,0,1,346.85,21,231365,31.25,7.5,7.9,12,8,10,1,0,moderado
78,8327.58,2,2,1457.33,40,172872,19.47,2.5,2.8,5,8,6,0,1,conservador
40,2828.92,0,2,495.06,11,789929,27.22,2.5,2.1,25,8,6,1,0,moderado
71,31646.08,2,1,6329.22,40,394304,31.81,5.0,4.8,5,10,1,0,1,moderado
54,8703.58,1,2,1740.72,29,516253,25.49,5.0,5.2,11,10,7,1,1,agressivo
64,3465.33,2,2,519.8,20,196866,29.77,5.0,5.3,5,4,10,1,1,moderado
66,3381.17,4,1,591.7,31,15003,30.62,2.5,2.4,5,6,6,0,1,conservador
61,5119.08,3,1,895.84,27,89899,29.62,2.5,2.3,5,6,10,0,1,conservador
45,4552.75,3,0,796.73,15,591333,32.32,5.0,4.9,20,8,10,1,1,moderado
73,13474.5,1,1,2694.9,40,111604,25.04,2.5,2.9,5,10,5,0,1,moderado
65,6401.08,0,1,1120.19,30,256436,20.12,7.5,7.6,5,8,5,1,1,agressivo
56,3071.08,1,1,537.44,23,74747,17.65,2.5,2.1,9,6,7,1,1,conservador
57,25020.33,2,1,5004.07,32,-7717,100.0,2.5,2.5,8,8,7,0,1,conservador
41,5736.08,3,1,1147.22,16,100206,21.5,10.0,9.9,24,10,9,0,1,agressivo
61,10200.17,0,1,1530.03,18,191677,19.55,5.0,4.8,5,4,10,0,1,moderado
73,3389.75,3,2,677.95,40,45092,26.87,7.5,8.0,5,8,3,0,1,moderado
36,7373.0,2,0,1290.28,8,84662,20.35,2.5,2.5,29,6,9,0,1,moderado
38,7072.58,4,1,1060.89,6,29460,17.47,5.0,5.0,27,4,9,0,1,moderado
61,1216.0,3,0,152.0,9,-193860,100.0,7.5,7.9,5,2,9,1,1,conservador
38,27648.08,0,0,4838.41,10,77521,17.41,5.0,4.9,27,6,9,0,1,agressivo
49,15484.67,0,2,2709.82,18,1065690,31.01,7.5,7.7,16,8,10,1,0,agressivo
50,4013.17,0,1,601.98,12,1194360,27.4,5.0,5.0,15,4,7,1,0,moderado
39,2283.0,0,1,456.6,14,-32030,100.0,5.0,4.8,26,8,6,0,0,conservador
68,7281.83,1,2,1456.37,40,26564,23.51,5.0,5.5,5,8,6,0,1,moderado
62,5910.25,2,2,886.54,18,5277,31.89,5.0,4.5,5,4,10,0,1,conservador
58,7329.25,3,0,916.16,8,13252,18.1,2.5,2.5,7,2,7,0,1,conservador
48,6427.58,1,0,1285.52,23,15355,33.07,5.0,5.3,17,8,10,0,1,moderado
60,8267.42,0,1,1033.43,9,953318,27.79,5.0,4.6,5,2,9,1,1,moderado
24,17552.25,0,0,3510.45,0,143449,20.32,5.0,4.8,40,10,8,0,1,agressivo
33,8686.92,0,1,1520.21,6,216296,28.76,7.5,7.5,32,8,9,1,0,agressivo
53,2381.17,0,1,357.18,14,4312,30.02,5.0,5.4,12,4,7,0,0,conservador
50,16401.75,1,2,2460.26,12,-5997,100.0,10.0,9.8,15,4,7,0,1,moderado
59,20487.75,0,1,2560.97,8,456169,24.74,2.5,2.3,6,2,10,0,1,conservador
51,68647.33,0,1,10297.1,13,185379,31.44,5.0,4.7,14,4,10,0,1,moderado
41,2244.58,0,2,336.69,8,96682,19.69,7.5,7.1,24,4,9,1,0,moderado
70,6696.83,1,1,1171.95,34,281324,22.1,5.0,5.2,5,8,6,1,1,moderado
45,1042.5,1,2,156.38,10,-420720,100.0,5.0,4.8,20,4,4,1,1,conservador
45,8583.58,1,2,1502.13,15,-25963,100.0,2.5,2.9,20,6,7,0,1,conservador
78,3556.5,1,0,622.39,40,133793,18.57,5.0,4.9,5,8,5,1,1,moderado
29,25689.75,4,1,3853.46,2,160957,20.84,2.5,2.4,36,4,6,0,1,moderado
46,2967.25,0,1,370.91,5,4360792,21.36,10.0,9.8,19,2,7,1,0,agressivo
55,1427.58,1,1,178.45,8,5171,32.22,5.0,5.5,10,2,7,0,1,conservador
45,3782.25,2,1,472.78,5,335989,18.26,7.5,7.4,20,2,10,1,1,moderado
40,1135.33,1,1,227.07,15,-30449,100.0,5.0,4.6,25,8,9,0,1,conservador
49,10056.42,3,2,1508.46,12,-84641,100.0,5.0,4.6,16,4,7,0,1,conservador
42,1056.75,0,1,211.35,17,44978,24.71,5.0,5.5,23,8,8,1,0,moderado
67,5641.17,1,0,987.2,32,112033,26.46,7.5,7.2,5,8,1,0,1,moderado
21,1046.08,0,1,183.06,0,350499,31.95,7.5,7.5,40,8,5,1,0,agressivo
56,4267.75,1,0,746.86,23,12856567,33.3,2.5,2.4,9,8,4,1,1,conservador
45,20533.08,0,2,4106.62,20,405166,29.87,5.0,4.5,20,10,10,1,0,agressivo
55,7358.5,0,1,1103.78,15,33789,32.94,5.0,4.9,10,4,7,0,1,conservador
60,2763.58,1,1,414.54,18,63854,30.37,2.5,2.6,5,4,10,1,1,conservador
35,5378.25,1,0,941.19,8,61076,32.84,5.0,5.0,30,6,3,0,1,moderado
55,5594.25,0,0,839.14,15,-2446,100.0,7.5,7.7,10,4,10,0,1,conservador
28,8048.08,2,0,1408.41,2,-22046,100.0,5.0,5.4,37,6,8,0,1,moderado
31,1847.5,1,1,323.31,4,361943,29.19,7.5,7.2,34,8,6,1,1,agressivo
62,8858.58,0,1,1550.25,28,17830,18.3,5.0,4.6,5,6,9,0,1,moderado
46,633.67,1,2,110.89,16,581126,24.28,5.0,4.7,19,8,9,1,1,moderado
71,3331.5,2,2,583.01,34,250612,28.26,2.5,2.8,5,8,1,1,1,conservador
52,3731.08,1,1,746.22,27,40080,23.38,7.5,7.9,13,8,9,0,1,moderado
44,9152.17,0,2,1830.43,19,-29252,100.0,7.5,7.5,21,8,9,0,1,moderado
48,5615.0,0,1,982.63,17,1325741,22.0,5.0,5.2,17,8,10,1,0,moderado
45,1791.17,1,1,358.23,20,362334,27.18,2.5,2.1,20,10,7,1,1,moderado
42,2507.58,3,1,501.52,17,122170,32.43,2.5,2.6,23,10,8,1,1,conservador
33,6464.17,2,1,1131.23,6,84412,17.39,2.5,2.5,32,6,8,0,1,conservador
61,5176.25,0,0,905.84,27,135254,30.11,5.0,4.9,5,8,10,0,1,conservador
58,3469.58,1,1,693.92,33,55957,29.42,7.5,7.9,7,8,9,0,1,moderado
69,3753.42,3,1,656.85,33,5130,32.85,2.5,2.1,5,6,6,0,1,conservador
52,9624.08,0,0,1203.01,7,2579914,32.4,7.5,7.9,13,2,10,1,0,moderado
68,3644.33,4,0,728.87,40,152205,30.0,5.0,4.9,5,10,5,1,1,moderado
45,5139.0,3,0,642.38,5,219086,26.26,5.0,4.6,20,2,10,1,1,moderado
48,31289.58,0,2,6257.92,23,-33162,100.0,10.0,10.0,17,8,10,0,1,agressivo
71,1765.42,3,1,353.08,40,-12008,100.0,2.5,2.6,5,8,3,0,1,conservador
64,1253.33,0,0,250.67,39,91227,20.72,10.0,10.0,5,8,10,1,1,agressivo
64,10321.25,2,0,1290.16,10,10947,26.66,2.5,2.6,5,2,10,0,1,conservador
31,3204.0,1,0,560.7,4,3669734,30.05,5.0,4.5,34,8,9,1,1,moderado
55,4274.83,1,1,748.1,22,18924,31.91,7.5,7.6,10,6,9,0,1,moderado
67,2951.75,1,1,442.76,21,25643,30.41,10.0,10.0,5,4,3,0,1,moderado
60,4479.42,2,2,559.93,9,62293,20.55,5.0,4.7,5,2,7,0,1,conservador
64,19809.58,0,1,3466.68,29,832437,27.53,5.0,4.5,5,8,10,1,1,moderado
70,10475.5,1,2,1833.21,34,123224,23.06,7.5,7.7,5,8,6,0,1,moderado
34,10991.42,0,0,1648.71,4,18878,16.86,7.5,7.9,31,4,9,0,1,agressivo
44,1775.92,0,0,310.79,14,-237407,100.0,2.5,2.1,21,6,9,1,0,conservador
72,2195.5,0,2,439.1,40,360952,20.64,7.5,7.4,5,10,1,1,0,moderado
58,568.92,1,0,113.78,33,270398,18.96,5.0,5.0,7,10,10,1,1,moderado
23,2885.83,0,1,577.17,0,352780,31.17,5.0,4.9,40,10,8,1,0,moderado
26,11854.42,0,0,2074.52,1,-1312665,100.0,5.0,4.6,39,6,8,1,1,moderado
47,8338.58,0,2,1667.72,22,3196740,21.73,5.0,5.2,18,10,9,1,0,agressivo
56,4618.75,0,1,923.75,31,43041,22.2,10.0,9.7,9,8,7,0,1,agressivo
40,5416.75,1,1,812.51,8,1377564,32.79,5.0,5.1,25,4,8,1,1,moderado
48,3177.92,4,1,476.69,12,214218,23.88,10.0,10.0,17,4,7,1,1,agressivo
37,6495.67,0,2,1136.74,9,254904,16.87,2.5,2.1,28,8,8,0,0,moderado
52,10176.08,3,1,1780.81,20,9524,22.19,7.5,7.2,13,6,10,0,1,moderado
25,1513.75,2,0,264.91,0,93378,19.08,7.5,7.0,40,6,8,1,1,agressivo
62,7008.0,1,1,1226.4,28,35623,18.75,5.0,4.6,5,6,7,0,1,moderado
54,11626.42,1,1,2325.28,29,417520,18.25,5.0,5.0,11,10,9,0,1,moderado
59,3956.08,2,0,692.31,26,601162,27.43,5.0,4.8,6,8,9,1,1,moderado
26,9659.0,0,1,1448.85,0,5368,20.43,7.5,7.4,39,4,5,0,1,agressivo
44,52408.08,1,0,10481.62,19,116651,23.57,7.5,7.6,21,10,9,0,1,agressivo
74,5072.58,2,0,760.89,24,648743,31.44,2.5,2.1,5,4,3,1,1,conservador
48,7553.25,1,2,1510.65,23,91124,24.66,7.5,7.8,17,8,9,0,1,agressivo
65,3055.33,2,1,458.3,20,359905,32.19,5.0,5.0,5,4,3,1,1,conservador
51,6374.67,0,2,1274.93,26,204178,25.89,2.5,2.5,14,10,10,1,0,moderado
40,7968.92,2,0,996.12,4,-60386,100.0,7.5,7.3,25,2,6,0,1,moderado
80,6444.33,1,2,966.65,28,80260,24.22,5.0,5.2,5,4,1,0,1,conservador
60,2438.92,0,1,304.86,9,19440,29.83,7.5,7.9,5,2,9,0,1,moderado
76,6504.0,0,0,1300.8,40,22419,18.16,2.5,2.7,5,8,3,0,1,conservador
36,17762.58,1,2,3552.52,11,349419,18.49,2.5,2.3,29,10,6,0,1,moderado
30,7895.08,3,2,1381.64,4,-37242,100.0,5.0,4.8,35,6,9,0,1,moderado
61,11904.58,1,1,2380.92,36,97951,28.35,2.5,2.8,5,8,9,0,1,conservador
54,4561.83,2,1,798.32,22,-19152,100.0,7.5,7.6,11,6,10,0,1,moderado
50,10046.83,1,1,1758.2,19,76283,25.71,2.5,2.2,15,6,4,0,1,conservador
62,6894.67,0,1,1378.93,37,579758,30.42,5.0,5.2,5,10,7,1,1,moderado
46,2576.92,0,1,386.54,10,-21876,100.0,2.5,2.1,19,4,10,0,0,conservador
38,7114.58,0,1,1245.05,10,16129,32.2,2.5,2.8,27,6,9,0,1,moderado
35,2494.17,0,2,498.83,10,-110360,100.0,7.5,7.7,30,8,8,0,0,moderado
53,3323.5,0,1,664.7,28,88670,24.04,2.5,2.6,12,8,10,1,0,moderado
36,6416.0,2,0,1283.2,11,126385,27.48,5.0,5.2,29,10,9,1,1,agressivo
70,6994.5,2,1,1398.9,40,1344277,25.94,10.0,10.0,5,10,5,1,1,agressivo
62,2129.58,0,1,319.44,18,116909,33.09,5.0,5.0,5,4,9,1,1,conservador
65,12813.83,0,1,2562.77,40,186050,31.0,7.5,7.6,5,10,6,0,1,moderado
72,8714.08,0,1,1524.96,35,20570,32.14,2.5,2.1,5,6,3,0,1,conservador
58,3137.83,1,0,627.57,33,86724,21.65,2.5,3.0,7,8,4,0,1,conservador
42,1611.67,0,2,282.04,13,-90247,100.0,7.5,7.4,23,6,6,1,0,moderado
32,4910.67,0,1,859.37,5,-3508,100.0,7.5,7.0,33,6,6,0,1,moderado
52,3859.67,3,1,675.44,20,162961,30.16,5.0,5.1,13,8,10,1,1,moderado
33,6036.58,2,1,905.49,4,140250,21.85,5.0,5.1,32,4,9,0,1,moderado
37,4124.08,0,2,515.51,3,128274,20.8,5.0,5.0,28,2,9,0,0,moderado
32,1106.67,1,0,221.33,7,571339,32.58,2.5,2.7,33,10,6,1,1,moderado
62,4041.67,0,0,808.33,37,199118,17.07,7.5,7.0,5,10,4,1,1,agressivo
44,4318.17,2,0,647.73,10,-332081,100.0,5.0,5.1,21,4,7,1,1,moderado
51,9154.67,1,2,1830.93,26,27163,32.87,5.0,5.2,14,8,7,0,1,moderado
36,3154.33,0,1,552.01,8,147840,19.66,7.5,7.6,29,8,8,1,0,agressivo
41,21121.17,2,1,3696.2,12,136858,30.84,5.0,5.3,24,8,8,0,1,moderado
63,1194.83,0,2,179.22,19,24248,22.04,2.5,2.1,5,4,9,1,1,conservador
28,15741.0,0,0,3148.2,3,-151822,100.0,7.5,7.8,37,8,9,0,1,agressivo
62,4608.33,0,0,921.67,37,3941255,23.38,7.5,7.2,5,10,10,1,1,agressivo
67,10968.25,1,0,1919.44,32,117534,20.95,5.0,4.9,5,8,3,0,1,moderado
61,5877.75,0,1,1028.61,27,-77154,100.0,2.5,3.0,5,6,9,0,1,conservador
38,13721.75,0,0,1715.22,3,136868,27.31,2.5,2.0,27,2,8,0,1,conservador
45,4044.83,0,0,707.85,15,41341,23.34,5.0,5.4,20,6,9,0,0,moderado
36,2289.67,0,1,343.45,6,7854,28.43,5.0,5.4,29,4,9,0,0,moderado
46,17179.92,2,0,2576.99,10,41828,16.99,7.5,7.3,19,4,9,0,1,agressivo
56,5035.67,0,2,1007.13,31,14943,17.99,10.0,9.7,9,8,9,0,1,agressivo
58,6583.58,0,1,1316.72,33,1553705,18.69,7.5,7.8,7,10,9,1,1,agressivo
57,14807.58,2,1,2591.33,24,101451,24.57,5.0,5.1,8,8,7,0,1,moderado
42,2415.17,2,1,362.28,8,71762,30.77,7.5,7.1,23,4,8,1,1,moderado
37,8879.33,2,0,1553.88,9,457590,31.81,5.0,5.1,28,8,8,1,1,moderado
70,3439.75,1,1,687.95,40,22412,21.47,2.5,2.9,5,8,3,0,1,conservador
59,4960.92,0,0,992.18,34,38166,27.13,2.5,2.9,6,8,7,0,1,conservador
69,5842.5,2,2,1168.5,40,133533,30.09,5.0,4.6,5,10,3,0,1,conservador
62,1660.5,2,1,290.59,28,564194,22.28,10.0,10.0,5,8,10,1,1,agressivo
29,2957.25,0,2,591.45,4,255896,24.4,2.5,2.0,36,10,9,1,0,moderado
69,16251.67,3,2,2437.75,22,174990,26.32,2.5,2.1,5,4,6,0,1,conservador
48,11204.17,0,1,1680.63,12,135560,19.38,10.0,9.5,17,4,10,0,0,agressivo
73,5244.67,4,1,917.82,36,219773,17.2,2.5,2.7,5,8,1,1,1,conservador
43,6698.17,3,2,1172.18,14,163158,19.73,7.5,7.2,22,8,9,0,1,moderado
83,4357.67,2,2,871.53,40,25720,27.96,5.0,4.6,5,8,6,0,1,conservador
53,16323.42,3,1,3264.68,28,129200,18.17,2.5,2.1,12,10,10,0,1,moderado
49,4697.58,2,1,704.64,12,24087,20.44,10.0,9.9,16,4,10,0,1,agressivo
64,6638.0,0,1,995.7,20,136165,23.16,2.5,2.3,5,4,9,0,1,conservador
30,13793.0,1,2,2413.78,4,58631,18.26,5.0,5.3,35,6,6,0,1,moderado
35,2960.67,0,1,444.1,5,5438818,20.48,2.5,2.2,30,4,6,1,0,conservador
61,19189.58,0,0,3358.18,27,113568,32.13,2.5,3.0,5,8,4,0,1,conservador
55,1620.83,2,2,324.17,30,14671,17.07,2.5,2.8,10,8,10,0,1,conservador
32,20308.67,0,1,4061.73,7,98590,28.37,2.5,2.6,33,8,9,0,1,moderado
72,4092.67,0,0,818.53,40,262770,23.97,2.5,2.9,5,10,6,1,0,moderado
58,4541.08,1,1,908.22,33,1483694,28.66,7.5,7.4,7,10,9,1,1,agressivo
50,1215.67,3,2,212.74,19,49802,27.36,5.0,4.8,15,6,4,1,1,moderado
31,3832.42,0,1,574.86,3,11230,21.08,5.0,4.6,34,4,8,0,0,moderado
61,2400.0,0,0,420.0,27,410551,31.23,5.0,5.3,5,8,7,1,1,moderado
28,3391.25,0,0,593.47,2,15200,25.79,10.0,10.0,37,6,8,0,0,agressivo
63,4940.58,2,1,988.12,38,62678,30.88,10.0,10.0,5,8,10,0,1,moderado
36,11864.67,0,1,1779.7,6,81925,24.35,7.5,8.0,29,4,9,0,1,agressivo
81,6510.5,2,1,1139.34,40,108613,33.13,7.5,7.0,5,8,5,0,1,moderado
43,7053.17,0,1,1234.3,14,338997,30.13,5.0,4.9,22,8,7,1,0,agressivo
50,2295.42,0,2,459.08,25,-12972,100.0,5.0,4.7,15,8,10,0,0,conservador
58,2725.67,3,2,476.99,25,79969,32.88,5.0,5.2,7,6,7,1,1,conservador
41,23250.25,0,1,4650.05,16,118018,26.16,5.0,4.6,24,10,6,0,1,agressivo
70,3062.33,1,0,612.47,40,-45271,100.0,5.0,5.4,5,8,5,0,1,conservador
54,20744.92,0,0,3111.74,14,-41888,100.0,5.0,4.6,11,4,7,0,1,moderado
25,4539.75,1,2,794.46,0,231887,25.49,10.0,10.0,40,8,7,1,1,agressivo
29,5524.33,1,1,1104.87,4,427521,29.91,7.5,7.8,36,10,6,1,1,agressivo
71,12982.83,0,1,2272.0,34,217281,31.7,5.0,4.9,5,8,3,1,0,moderado
46,15254.08,0,1,3050.82,21,238083,32.85,7.5,7.7,19,10,4,0,0,agressivo
49,5046.42,0,0,756.96,12,11233,22.92,2.5,2.7,16,4,10,0,1,conservador
46,4042.0,2,1,505.25,5,130006,30.54,2.5,2.9,19,2,9,1,1,conservador
40,5273.0,2,1,1054.6,15,247523,20.84,5.0,4.6,25,10,9,1,1,moderado
50,7226.08,1,1,1445.22,25,359838,26.67,5.0,4.8,15,10,10,1,1,moderado
46,11250.08,1,0,2250.02,21,42679,20.25,2.5,2.5,19,8,7,0,1,moderado
80,5532.92,0,1,1106.58,40,44866,23.33,7.5,7.1,5,8,1,0,1,moderado
48,9047.08,0,1,1809.42,23,-15288,100.0,5.0,4.8,17,8,9,0,1,moderado
35,20450.83,0,1,4090.17,10,-80874,100.0,5.0,5.2,30,8,9,0,1,moderado
57,7481.08,0,1,1496.22,32,-170561,100.0,2.5,2.8,8,8,10,0,1,conservador
55,7075.58,0,0,1238.23,22,65434,32.41,2.5,2.5,10,6,9,0,1,conservador
32,1635.92,1,1,286.29,5,470684,19.6,7.5,7.5,33,8,9,1,1,agressivo
63,672.17,1,1,134.43,38,145105,28.04,5.0,4.5,5,10,10,1,1,moderado
44,7523.5,3,0,1316.61,14,100064,27.43,10.0,10.0,21,8,7,0,1,agressivo
33,5111.42,0,1,894.5,6,87809,19.11,10.0,10.0,32,6,9,0,0,agressivo
53,3652.83,1,1,639.25,21,369504,22.95,5.0,5.3,12,8,9,1,1,moderado
48,6700.33,2,2,1172.56,17,196489,26.95,2.5,2.7,17,8,7,0,1,conservador
22,5254.08,1,1,919.46,0,-1098839,100.0,7.5,7.4,40,6,8,1,1,moderado
77,13593.08,0,1,1699.14,13,33579,20.39,10.0,9.8,5,2,5,0,1,moderado
43,5907.5,0,1,1181.5,18,262275,30.56,5.0,5.2,22,10,7,1,0,moderado
46,3033.67,0,1,530.89,16,54513,32.96,7.5,7.7,19,6,7,0,0,moderado
48,12176.0,0,0,2130.8,17,32730,20.91,7.5,8.0,17,6,9,0,1,agressivo
60,4634.92,2,0,695.24,18,118622,20.39,5.0,4.7,5,4,10,0,1,conservador
63,8402.75,0,0,1050.34,10,148157,25.18,5.0,5.5,5,2,7,0,1,moderado
56,3763.67,0,1,564.55,16,9599872,29.79,7.5,7.7,9,4,7,1,1,moderado
22,3278.75,2,1,655.75,0,91471,22.15,5.0,4.7,40,8,8,1,1,moderado
31,5898.33,2,2,737.29,2,22130,17.08,2.5,2.6,34,2,9,0,1,conservador
60,5571.08,1,2,1114.22,35,181591,26.6,5.0,4.6,5,10,10,1,1,moderado
50,8094.58,2,1,1214.19,12,5367,32.75,2.5,2.4,15,4,10,0,1,conservador
50,4447.83,0,1,667.17,12,105036,24.09,2.5,2.7,15,4,9,1,0,conservador
58,1269.0,0,1,190.35,16,123505,24.59,10.0,9.6,7,4,10,1,1,moderado
57,3900.5,0,1,487.56,8,397082,32.92,2.5,2.8,8,2,10,1,1,conservador
64,10406.08,1,1,2081.22,39,519401,29.0,2.5,2.6,5,10,7,1,1,moderado
50,4346.75,3,1,869.35,25,56649,29.37,5.0,5.3,15,8,10,0,1,moderado
49,4527.75,0,0,792.36,18,96189,26.94,5.0,5.4,16,6,7,1,0,moderado
48,12139.17,1,0,1820.88,12,-11462,100.0,5.0,4.7,17,4,7,0,1,conservador
56,3119.75,0,1,467.96,16,-6660,100.0,2.5,2.8,9,4,10,0,1,conservador
65,1604.92,1,1,280.86,30,191921,32.99,2.5,2.6,5,8,3,1,1,conservador
52,4849.25,0,2,969.85,27,17847,28.91,2.5,2.7,13,8,7,0,1,conservador
75,3743.42,0,1,561.51,25,64735,31.9,5.0,5.2,5,4,5,0,0,conservador
46,2545.5,2,0,509.1,21,27098,29.07,2.5,2.6,19,8,10,0,1,conservador
78,4792.42,1,1,838.67,40,-82499,100.0,10.0,9.7,5,6,5,0,1,moderado
33,8170.58,1,0,1225.59,4,1797927,29.6,5.0,5.3,32,4,3,1,1,moderado
41,5473.42,0,1,957.85,12,17113,22.31,2.5,2.7,24,6,8,0,1,moderado
25,7049.25,0,1,881.16,0,7483,22.54,7.5,7.3,40,2,8,0,1,agressivo
31,23525.0,0,1,4705.0,6,99974,30.31,5.0,4.8,34,8,6,0,1,moderado
60,4191.33,2,1,628.7,18,123444,22.42,5.0,5.5,5,4,9,1,1,moderado
51,6889.58,4,1,1377.92,26,-50212,100.0,2.5,2.8,14,8,9,0,1,conservador
62,3669.17,1,0,458.65,9,61729,26.94,5.0,4.7,5,2,7,1,1,conservador
47,2801.75,0,1,560.35,22,89236,21.56,7.5,7.2,18,8,9,1,0,agressivo
30,3453.5,2,1,518.03,2,209245,30.8,10.0,10.0,35,4,6,1,1,agressivo
45,3759.67,1,0,751.93,20,574150,18.91,2.5,2.8,20,10,7,1,1,moderado
71,7351.58,1,0,1470.32,40,6421,30.98,5.0,5.2,5,8,5,0,1,moderado
42,36111.0,0,2,7222.2,17,69327,27.58,5.0,4.7,23,8,9,0,1,agressivo
52,3109.58,2,0,544.18,20,166161,20.39,10.0,10.0,13,8,7,1,1,agressivo
57,3951.25,1,1,790.25,32,30425,26.61,10.0,10.0,8,8,4,0,1,agressivo
21,5242.67,2,0,917.47,0,1618085,22.16,2.5,2.5,40,8,8,1,1,moderado
48,7568.33,2,2,1135.25,12,46485,22.9,2.5,2.7,17,4,9,0,1,conservador
50,6808.5,0,2,1191.49,19,113330,23.4,5.0,4.7,15,8,10,0,0,moderado
45,15403.75,2,1,2310.56,10,277626,17.97,2.5,2.6,20,4,7,0,1,moderado
44,791.5,2,1,158.3,19,49665,33.15,5.0,5.2,21,8,7,1,1,moderado
62,816.92,0,1,102.12,9,-2266,100.0,2.5,2.3,5,2,10,0,1,conservador
32,3708.5,0,0,648.99,5,-19016,100.0,5.0,5.3,33,6,6,0,0,moderado
72,13265.58,0,0,2321.48,35,564762,17.32,10.0,10.0,5,8,6,1,0,agressivo
72,1575.83,1,0,275.77,35,72740,28.51,10.0,10.0,5,6,3,1,1,agressivo
67,497.17,0,1,99.43,40,33872,23.74,5.0,5.2,5,8,5,1,1,moderado
24,8708.33,1,0,1306.25,0,483355,28.25,5.0,5.2,40,4,8,1,1,agressivo
40,6701.0,0,2,1172.68,11,-22023,100.0,7.5,7.2,25,6,9,0,1,moderado
66,2305.17,3,1,345.78,20,56092,23.48,2.5,2.2,5,4,6,1,1,conservador
62,2506.5,0,0,501.3,37,150871,28.68,5.0,4.9,5,10,7,1,1,moderado
65,2538.42,0,1,507.68,40,383128,29.52,5.0,5.5,5,10,5,1,1,moderado
45,6024.08,1,2,1204.82,20,-1287995,100.0,2.5,3.0,20,8,10,1,1,conservador
51,3341.0,1,2,417.62,6,417005,28.94,5.0,5.4,14,2,10,1,1,moderado
52,8187.33,0,0,1228.1,14,686773,18.98,2.5,2.4,13,4,10,1,0,moderado
36,561.92,0,0,84.29,6,56446,28.42,5.0,5.4,29,4,6,1,0,moderado
52,2778.33,0,2,347.29,7,25879,22.12,2.5,2.9,13,2,7,0,0,conservador
50,2240.0,2,1,336.0,12,132388,17.26,5.0,5.2,15,4,10,1,1,conservador
37,4491.83,2,1,898.37,12,141599,24.5,2.5,2.1,28,10,8,0,1,moderado
73,3585.5,1,0,537.83,24,23914,24.82,7.5,7.2,5,4,6,0,1,moderado
48,10439.67,2,1,1826.94,17,-27808,100.0,5.0,4.8,17,6,4,0,1,conservador
40,1245.83,2,1,249.17,15,219471,25.38,5.0,4.7,25,10,3,1,1,moderado
58,5718.58,0,2,1143.72,33,207024,29.15,5.0,4.8,7,10,7,1,1,moderado
44,8619.25,4,0,1508.37,14,-77069,100.0,5.0,5.1,21,6,4,0,1,conservador
59,24353.0,2,1,4261.78,26,-55964,100.0,2.5,2.8,6,6,7,0,1,conservador
63,3750.58,0,1,656.35,28,56358,22.64,7.5,7.9,5,6,7,0,1,moderado
65,7148.5,0,1,1072.28,20,55778,22.76,2.5,2.8,5,4,5,0,1,conservador
56,1302.42,0,1,227.92,23,19961,17.91,2.5,2.9,9,6,10,0,1,conservador
78,813.58,0,1,142.38,40,1753567,28.88,7.5,7.7,5,8,6,1,0,moderado
79,10839.0,2,0,2167.8,40,-36908,100.0,2.5,2.9,5,8,6,0,1,conservador
53,5489.75,1,1,1097.95,28,-25815,100.0,5.0,5.2,12,8,9,0,1,conservador
77,14156.08,2,1,2477.31,39,29935,27.03,5.0,4.8,5,6,6,0,1,moderado
54,1837.83,2,1,321.62,22,-2956492,100.0,5.0,4.8,11,6,10,1,1,conservador
37,8358.33,1,2,1253.75,6,24100,23.36,7.5,7.5,28,4,8,0,1,agressivo
34,24591.25,2,1,4918.25,9,63368,29.16,5.0,4.8,31,8,9,0,1,moderado
62,7714.5,0,1,1350.04,28,224977,26.54,5.0,4.6,5,8,9,1,1,moderado
61,6879.83,0,1,1031.97,18,296653,25.42,7.5,7.6,5,4,4,1,1,moderado
69,5552.08,1,0,832.81,22,-152196,100.0,2.5,2.0,5,4,3,0,1,conservador
64,1569.25,0,0,235.39,20,1814667,26.11,5.0,5.1,5,4,7,1,1,conservador
34,16310.25,0,1,3262.05,9,257618,28.1,5.0,5.0,31,10,8,0,0,agressivo
39,3382.58,3,1,507.39,7,24734,28.47,5.0,5.2,26,4,8,0,1,moderado
58,8255.83,2,1,1444.77,25,82008,22.28,10.0,10.0,7,6,10,0,1,agressivo
81,1579.17,0,0,276.35,40,191328,19.5,7.5,7.7,5,8,3,1,0,moderado
81,2146.33,2,0,375.61,40,2682712,19.81,2.5,2.3,5,8,6,1,1,conservador
61,17381.5,2,1,3476.3,36,14813,28.15,2.5,2.6,5,8,10,0,1,moderado
43,4176.58,0,1,835.32,18,732240,31.59,2.5,2.6,22,10,7,1,0,moderado
39,17636.25,0,1,3086.34,10,157924,24.41,2.5,2.9,26,8,9,0,1,moderado
39,5179.67,3,1,647.46,4,423685,20.05,2.5,2.1,26,2,8,1,1,conservador
34,1263.42,0,0,221.1,7,103466,29.92,5.0,5.2,31,8,9,1,0,moderado
77,11257.0,0,1,1969.98,39,34076,31.02,7.5,8.0,5,6,6,0,1,moderado
41,3439.83,1,1,601.97,12,-111562,100.0,7.5,7.1,24,6,9,0,1,moderado
43,9643.5,2,1,1928.7,18,321787,31.7,2.5,2.9,22,10,10,1,1,moderado
75,5626.58,0,2,843.99,25,518183,27.64,5.0,5.5,5,4,3,1,0,moderado
25,1604.5,0,2,280.79,0,118189,31.42,5.0,5.1,40,8,5,1,0,moderado
62,6288.75,0,1,943.31,18,49033,16.99,7.5,7.9,5,4,9,0,1,moderado
41,31954.58,5,1,6390.92,16,11635,18.84,7.5,7.6,24,8,6,0,1,agressivo
51,8180.25,0,1,1227.04,13,412115,18.55,10.0,9.5,14,4,10,1,0,agressivo
73,5266.25,1,1,1053.25,40,227711,29.27,5.0,4.7,5,10,6,1,1,moderado
33,13034.67,3,1,1629.33,2,28320,18.09,5.0,4.6,32,2,9,0,1,moderado
39,6526.5,0,0,1142.14,10,-16125,100.0,2.5,2.6,26,6,8,0,1,conservador
30,6520.58,4,0,1304.12,5,59865,25.87,5.0,4.8,35,8,8,0,1,moderado
63,2302.58,3,2,345.39,19,13036,25.47,2.5,2.4,5,4,9,0,1,conservador
41,6648.67,3,1,1329.73,16,35364,22.67,5.0,4.8,24,8,6,0,1,moderado
76,12625.17,0,2,2209.4,38,22010,31.56,5.0,5.3,5,6,5,0,1,moderado
43,2824.92,1,0,494.36,14,64944,20.07,2.5,2.3,22,6,9,1,1,moderado
60,17234.83,2,1,3016.1,26,39813,23.42,2.5,2.4,5,6,4,0,1,conservador
31,5124.17,4,1,896.73,4,-3151,100.0,2.5,2.2,34,6,9,0,1,conservador
54,2710.42,0,1,474.32,22,2505215,30.18,2.5,2.4,11,8,9,1,0,conservador
60,12248.92,2,1,2143.56,26,789228,17.3,2.5,2.8,5,8,7,1,1,moderado
47,4383.67,0,1,876.73,22,37476,28.67,2.5,2.0,18,8,9,0,1,conservador
43,10124.33,0,0,1771.76,14,181431,30.79,2.5,2.1,22,8,10,1,0,moderado
49,4366.33,1,1,654.95,12,225527,32.42,2.5,2.5,16,4,9,1,1,conservador
33,5256.5,2,2,788.48,4,719728,31.64,10.0,9.8,32,4,8,1,1,agressivo
56,8184.0,1,1,1023.0,8,-10594,100.0,5.0,5.4,9,2,9,0,1,conservador
54,6959.08,1,2,1043.86,14,620425,22.83,2.5,2.6,11,4,10,1,1,conservador
20,1117.25,5,1,223.45,0,53005,27.32,5.0,4.5,40,8,2,1,1,moderado
57,2248.67,0,0,449.73,32,16255,18.25,7.5,7.4,8,8,7,0,1,moderado
56,11598.33,1,1,1739.75,16,357254,21.71,5.0,4.6,9,4,9,1,1,moderado
61,4961.08,0,1,992.22,36,835794,18.58,2.5,2.9,5,10,7,1,1,moderado
44,3626.75,0,2,634.68,14,-1754844,100.0,5.0,4.7,21,6,7,1,0,moderado
57,1859.75,2,1,371.95,32,19938,22.75,7.5,7.9,8,8,10,0,1,moderado
29,2324.58,3,0,464.92,4,-103198,100.0,7.5,7.1,36,8,9,0,1,moderado
70,1094.0,1,0,218.8,40,65205,31.63,5.0,4.8,5,8,5,1,1,conservador
57,5085.08,2,1,635.64,8,390443,23.32,7.5,7.3,8,2,7,1,1,moderado
48,3416.33,0,1,512.45,12,13283,26.93,7.5,7.9,17,4,10,0,0,moderado
42,2544.83,0,0,318.1,4,18139,24.81,5.0,4.8,23,2,3,0,0,conservador
56,5221.75,1,1,1044.35,31,-11296,100.0,5.0,5.1,9,8,9,0,1,conservador
61,7378.08,0,0,1106.71,18,135733,25.24,5.0,5.3,5,4,9,0,1,moderado
34,29426.5,0,2,5885.3,9,46091,32.93,7.5,7.0,31,8,9,0,1,agressivo
71,1645.08,1,1,246.76,23,324026,22.41,2.5,2.5,5,4,6,1,1,conservador
53,13941.08,0,1,2788.22,28,562609,27.96,10.0,9.9,12,10,7,0,0,agressivo
47,12010.92,0,0,1801.64,11,296370,24.59,2.5,2.9,18,4,4,0,0,moderado
27,2956.67,1,1,443.5,1,1367071,17.92,5.0,4.5,38,4,7,1,1,moderado
73,6487.75,1,1,973.16,24,-67492,100.0,7.5,7.8,5,4,1,0,1,conservador
47,3823.67,3,1,669.14,16,19431,25.75,2.5,2.6,18,6,7,0,1,conservador
53,6397.33,1,0,959.6,14,931978,30.75,5.0,4.9,12,4,9,1,1,moderado
50,18442.17,1,1,3688.43,25,48643,18.67,2.5,2.1,15,8,7,0,1,moderado
26,8951.5,3,1,1118.94,0,472421,18.09,5.0,4.7,39,2,7,1,1,moderado
67,8283.08,2,0,1449.54,32,-383321,100.0,2.5,2.7,5,6,5,0,1,conservador
53,3908.25,0,1,781.65,28,-71758,100.0,5.0,5.2,12,8,10,0,0,conservador
40,1682.17,0,1,210.27,4,12781,19.75,5.0,5.2,25,2,6,0,0,moderado
54,4667.17,2,2,933.43,29,30414,30.04,10.0,9.7,11,8,10,0,1,moderado
41,14477.92,1,0,2895.58,16,-263061,100.0,10.0,9.6,24,8,6,0,1,agressivo
50,1625.08,2,2,203.14,6,-28066,100.0,2.5,2.3,15,2,7,0,1,conservador
60,2370.83,2,1,355.62,18,135857,29.44,7.5,8.0,5,4,10,1,1,moderado
40,6100.33,1,0,1067.56,11,376335,26.98,2.5,2.3,25,8,9,1,1,moderado
51,2508.25,4,1,501.65,26,342656,25.4,2.5,2.8,14,10,9,1,1,conservador
72,2925.0,1,1,511.88,35,-54952,100.0,2.5,2.3,5,6,5,0,1,conservador
40,3929.25,0,1,687.62,11,88167,31.81,10.0,9.6,25,6,9,1,0,agressivo
40,1849.33,2,1,369.87,15,-22629,100.0,10.0,9.9,25,8,8,0,1,moderado
46,2529.5,0,2,379.43,10,-130989,100.0,2.5,2.7,19,4,10,0,0,conservador
27,9680.17,2,1,1936.03,2,276607,30.07,2.5,2.7,38,10,8,1,1,moderado
76,1937.58,4,0,387.52,40,81965,30.73,2.5,2.6,5,8,6,1,1,conservador
35,1535.75,2,0,268.76,8,611193,30.75,5.0,4.9,30,8,9,1,1,moderado
77,3331.08,1,0,666.22,40,99354,28.2,5.0,4.6,5,8,3,1,1,moderado
31,9903.58,1,1,1980.72,6,33607,25.23,2.5,2.8,34,8,3,0,1,moderado
51,4710.5,0,0,706.58,13,38620,31.48,7.5,7.8,14,4,9,0,1,moderado
56,3802.5,0,1,665.44,23,27774,32.33,5.0,4.7,9,6,9,0,1,conservador
55,5713.42,1,1,999.85,22,80128,17.16,10.0,9.5,10,6,10,0,1,moderado
65,1364.42,2,2,170.55,10,767264,17.73,5.0,5.0,5,2,5,1,1,conservador
50,8191.5,2,1,1638.3,25,36039,32.78,5.0,4.6,15,8,10,0,1,moderado
45,7493.83,0,1,1124.07,10,159965,22.07,7.5,7.9,20,4,9,0,0,agressivo
60,3974.42,1,2,794.88,35,45024,31.6,7.5,7.2,5,8,4,0,1,moderado
60,12330.5,2,1,2157.84,26,81596,24.05,2.5,2.3,5,6,10,0,1,conservador
49,2237.42,1,0,279.68,6,12518,19.08,5.0,4.8,16,2,7,0,1,conservador
69,13594.42,1,1,2718.88,40,86611,18.31,10.0,10.0,5,8,6,0,1,agressivo
49,6239.67,2,1,1247.93,24,90169,19.8,2.5,2.3,16,8,9,0,1,conservador
52,4212.67,2,1,737.22,20,-81345,100.0,2.5,2.3,13,6,10,0,1,conservador
60,5427.25,1,1,814.09,18,168538,21.57,5.0,5.4,5,4,9,1,1,moderado
68,5060.75,3,1,759.11,22,19978,25.74,7.5,7.6,5,4,6,0,1,moderado
38,14637.17,0,0,2561.5,10,613108,29.1,7.5,7.2,27,8,8,1,0,agressivo
41,2330.25,5,0,349.54,8,165289,33.15,10.0,9.8,24,4,8,1,1,moderado
65,2996.08,0,2,524.31,30,162363,24.95,5.0,5.4,5,8,6,1,1,moderado
65,12633.83,0,1,2526.77,40,118922,26.22,2.5,2.8,5,10,3,0,1,moderado
64,3424.33,3,0,599.26,29,55457,26.28,5.0,4.6,5,6,4,0,1,conservador
36,11333.5,0,0,2266.7,11,167159,26.57,7.5,7.6,29,10,8,0,0,agressivo
52,21474.92,2,2,4294.98,27,246072,26.22,2.5,2.3,13,10,10,0,1,moderado
29,3998.42,2,1,699.72,3,8774,16.85,2.5,2.7,36,6,9,0,1,moderado
33,9510.75,3,0,1902.15,8,53737,16.7,2.5,2.6,32,8,6,0,1,moderado
69,2191.0,5,2,383.42,33,82255,18.65,5.0,5.5,5,6,5,1,1,conservador
77,10085.75,0,1,2017.15,40,-53118,100.0,7.5,7.8,5,8,5,0,1,moderado
60,6468.0,2,2,970.2,18,722134,18.73,5.0,4.5,5,4,10,1,1,moderado
51,8050.75,0,1,1207.61,13,37887,29.15,10.0,9.6,14,4,9,0,1,agressivo
42,3289.92,1,0,657.98,17,57128,20.73,2.5,2.1,23,8,9,0,1,moderado
25,1460.0,2,2,255.5,0,55893,31.9,10.0,10.0,40,6,2,1,1,agressivo
77,8247.67,0,0,1649.53,40,36232,32.37,7.5,7.9,5,8,3,0,1,moderado
66,1058.17,1,1,211.63,40,-21487,100.0,5.0,5.5,5,8,6,0,1,conservador
39,4277.83,1,1,534.73,4,-114947,100.0,10.0,10.0,26,2,8,0,1,moderado
57,11708.08,1,2,2048.91,24,24816,33.01,2.5,2.9,8,6,10,0,1,conservador
30,6429.17,4,1,1125.1,4,229055,32.51,7.5,7.1,35,8,8,1,1,moderado
53,26206.58,0,1,4586.15,21,9387,21.97,7.5,7.6,12,6,7,0,1,agressivo
65,12521.17,1,0,2504.23,40,51947,26.09,7.5,7.6,5,8,5,0,1,moderado
51,3268.08,3,1,490.21,13,73553,20.17,5.0,5.0,14,4,10,0,1,conservador
56,5636.0,1,1,986.3,23,1487027,30.65,2.5,2.2,9,8,10,1,1,conservador
39,5309.17,0,1,1061.83,14,79841,31.81,5.0,4.5,26,8,6,0,0,moderado
74,1555.17,1,1,233.28,24,4438,31.29,5.0,5.3,5,4,5,0,1,conservador
67,2598.67,0,0,519.73,40,-1803,100.0,7.5,7.9,5,8,5,0,1,conservador
47,3520.92,0,0,616.16,16,126886,24.81,7.5,7.2,18,8,10,1,0,agressivo
42,1081.5,2,0,216.3,17,-90824,100.0,10.0,9.6,23,8,9,1,1,agressivo
73,5727.75,1,2,859.16,24,211754,29.95,2.5,2.5,5,4,1,1,1,conservador
59,4518.0,3,2,677.7,17,-46508,100.0,7.5,7.9,6,4,9,0,1,conservador
51,1446.25,2,0,253.09,20,689270,18.65,10.0,9.6,14,8,9,1,1,agressivo
30,7619.42,2,1,952.43,1,53670,17.5,7.5,7.8,35,2,8,0,1,moderado
42,9777.0,0,0,1955.4,17,461559,29.87,2.5,2.8,23,10,6,1,0,moderado
70,6612.5,1,1,826.56,11,10425,24.68,2.5,2.9,5,2,6,0,1,conservador
23,4254.92,0,0,850.98,0,31025,33.27,2.5,2.3,40,8,8,0,1,moderado
25,8850.58,3,0,1548.85,0,8017,18.64,5.0,4.7,40,6,7,0,1,moderado
43,9502.08,0,1,1662.86,14,-23950,100.0,5.0,5.5,22,6,7,0,1,moderado
46,7051.58,0,2,881.45,5,112488,31.35,10.0,10.0,19,2,7,0,0,agressivo
71,2850.92,1,1,498.91,34,-42923,100.0,5.0,4.5,5,6,3,0,1,conservador
44,6880.0,0,0,1204.0,14,132299,25.59,5.0,5.4,21,8,9,1,0,agressivo
59,14349.58,0,1,2152.44,17,29991,30.95,5.0,5.1,6,4,10,0,1,conservador
61,3421.33,1,2,684.27,36,90638,30.8,7.5,7.6,5,8,4,0,1,moderado
60,29538.33,0,1,4430.75,18,12756,32.19,10.0,9.5,5,4,9,0,1,agressivo
67,3621.25,0,1,633.72,32,931772,22.44,7.5,7.6,5,8,5,1,1,agressivo
62,5659.08,0,1,990.34,28,76462,32.66,5.0,4.9,5,6,7,0,1,conservador
29,3219.83,2,1,482.97,2,57911,19.71,5.0,5.5,36,4,8,1,1,moderado
48,6592.58,1,1,1318.52,23,-392164,100.0,7.5,7.5,17,8,10,1,1,moderado
74,1368.25,1,0,239.44,37,-5611,100.0,5.0,4.9,5,6,3,0,1,conservador
69,3562.58,1,1,445.32,11,22283,18.34,2.5,2.0,5,2,3,0,1,conservador
47,2301.67,0,1,402.79,16,23287,24.78,2.5,2.4,18,6,9,0,0,conservador
69,6144.75,3,1,1075.33,33,108900,30.96,2.5,2.6,5,8,5,0,1,conservador
42,12217.75,0,2,2138.11,13,-69111,100.0,7.5,7.2,23,6,9,0,1,moderado
58,9245.5,2,0,1849.1,33,365679,25.49,2.5,2.2,7,10,10,1,1,moderado
45,826.92,3,0,103.36,5,5711504,30.98,2.5,2.3,20,2,10,1,1,conservador
69,28247.17,2,0,4237.08,22,4129,29.52,2.5,2.3,5,4,6,0,1,conservador
53,6983.5,0,1,1396.7,28,300470,20.81,5.0,5.4,12,10,4,1,0,moderado
56,2962.75,0,1,370.34,8,52276,32.64,5.0,5.4,9,2,7,0,1,conservador
30,6252.83,2,1,1250.57,5,50029,17.91,5.0,5.2,35,8,6,0,1,moderado
68,6348.92,0,2,793.62,11,47588,31.95,2.5,2.1,5,2,5,0,1,conservador
45,3234.42,2,2,646.88,20,30848,22.56,2.5,2.8,20,8,10,0,1,conservador
46,6460.25,2,1,1130.54,16,1508742,25.93,5.0,5.3,19,8,4,1,1,moderado
59,3391.75,2,1,593.56,26,426533,24.63,5.0,4.9,6,8,9,1,1,moderado
71,3990.17,0,1,598.53,23,124840,20.1,2.5,2.5,5,4,6,0,0,conservador
51,3184.5,2,1,398.06,6,914857,23.51,2.5,2.6,14,2,9,1,1,conservador
44,1752.75,2,0,262.91,10,12471,20.5,7.5,8.0,21,4,7,0,1,moderado
48,6196.58,2,1,929.49,12,16382,20.71,5.0,5.4,17,4,7,0,1,moderado
60,8807.25,0,2,1321.09,18,4596,20.39,2.5,2.3,5,4,10,0,1,conservador
65,8324.83,0,1,1456.85,30,42229,25.74,2.5,2.4,5,6,3,0,1,conservador
63,10625.67,0,2,1859.49,28,153667,30.53,10.0,10.0,5,8,10,0,1,agressivo
43,7147.83,0,0,1429.57,18,140686,27.04,5.0,4.9,22,10,10,1,0,agressivo
69,3600.75,1,0,720.15,40,150845,31.88,5.0,5.0,5,10,3,1,1,moderado
62,10794.83,3,0,1889.1,28,-4356,100.0,7.5,7.9,5,6,7,0,1,moderado
58,1861.33,0,0,325.73,25,402211,28.11,7.5,7.9,7,8,9,1,1,moderado
61,2682.58,2,0,469.45,27,-51816,100.0,7.5,7.8,5,6,9,0,1,conservador
59,2549.67,0,0,446.19,26,362065,28.92,5.0,5.4,6,8,7,1,1,moderado
61,13083.83,0,0,2616.77,36,7050,28.59,5.0,4.6,5,8,7,0,1,moderado
58,11723.17,0,2,1758.48,16,192381,25.08,2.5,2.3,7,4,7,0,1,conservador
32,8143.17,0,0,1017.9,2,20299,28.92,10.0,9.9,33,2,8,0,1,agressivo
31,12999.08,3,0,2599.82,6,66437,18.09,5.0,5.4,34,8,3,0,1,moderado
64,2728.92,0,2,409.34,20,268752,31.41,2.5,2.7,5,4,4,1,1,conservador
28,7287.83,1,1,1457.57,3,-41467,100.0,10.0,10.0,37,8,9,0,1,agressivo
43,4988.75,1,1,997.75,18,-10084,100.0,10.0,10.0,22,8,7,0,1,agressivo
60,10857.33,3,1,1357.17,9,121711,30.23,10.0,9.5,5,2,9,0,1,moderado
63,5028.67,0,0,754.3,19,12121,21.48,7.5,7.0,5,4,9,0,1,moderado
55,4052.67,0,2,709.22,22,-203094,100.0,10.0,9.9,10,6,9,1,1,moderado
52,8499.92,0,1,1487.49,20,-26584,100.0,2.5,2.0,13,6,10,0,1,conservador
41,11114.75,1,0,1667.21,8,645528,30.09,7.5,7.8,24,4,8,1,1,agressivo
82,3230.5,0,0,646.1,40,54731,16.93,7.5,7.7,5,8,3,0,0,moderado
57,5251.25,3,1,918.97,24,54975,20.96,2.5,2.1,8,6,10,0,1,conservador
77,2364.5,1,0,354.68,26,38319,18.0,2.5,2.7,5,4,5,0,1,conservador
26,747.42,1,2,93.43,0,-134630,100.0,10.0,10.0,39,2,2,1,1,moderado
31,6473.42,1,1,1294.68,6,41599,30.27,2.5,2.3,34,8,8,0,1,conservador
47,8975.17,0,0,1346.28,11,317074,29.91,7.5,7.1,18,4,9,0,0,moderado
66,6800.42,1,0,1360.08,40,67936,30.75,2.5,2.9,5,8,5,0,1,conservador
56,1159.08,5,1,202.84,23,6223,16.76,2.5,2.5,9,6,9,0,1,conservador
39,4164.75,2,1,728.83,10,51252,25.95,5.0,4.5,26,6,8,0,1,moderado
62,934.83,3,2,186.97,37,20564,29.15,2.5,2.7,5,8,7,1,1,conservador
40,16495.67,2,1,3299.13,15,126861,19.78,5.0,5.4,25,10,8,0,1,agressivo
40,2312.83,0,1,404.75,11,20219,28.31,5.0,5.2,25,6,6,0,0,moderado
38,15054.25,0,1,2258.14,6,483575,18.38,2.5,3.0,27,4,8,1,0,moderado
49,11752.08,0,0,2350.42,24,105175,20.28,2.5,2.8,16,10,10,0,1,moderado
47,2682.75,0,0,469.48,16,92374,25.53,5.0,5.4,18,6,7,1,0,moderado
66,2228.0,0,0,334.2,20,-96748,100.0,2.5,2.4,5,4,3,1,1,conservador
30,7298.17,1,1,1459.63,5,511887,28.37,7.5,7.4,35,10,8,1,1,agressivo
45,2806.33,2,2,420.95,10,116990,19.6,5.0,4.9,20,4,10,1,1,moderado
46,5985.33,3,1,748.17,5,37918,20.35,2.5,2.2,19,2,10,0,1,conservador
67,3747.42,2,1,468.43,10,8425,20.72,5.0,5.2,5,2,6,0,1,conservador
61,1326.25,3,1,232.09,27,43084,21.36,2.5,3.0,5,6,10,1,1,conservador
70,925.83,0,1,185.17,40,47771,21.13,2.5,2.2,5,8,3,1,0,conservador
39,6610.67,0,2,991.6,7,141575,24.16,2.5,2.4,26,4,9,1,0,moderado
71,3518.67,2,2,527.8,23,71845,28.37,7.5,7.7,5,4,3,1,1,moderado
57,3542.58,0,1,531.39,16,338371,24.89,10.0,10.0,8,4,10,1,1,agressivo
42,9621.75,0,2,1924.35,17,-14422,100.0,7.5,7.3,23,8,9,0,1,moderado
33,14098.75,0,0,1762.34,2,110684,30.21,5.0,5.1,32,2,8,0,1,moderado
73,4434.0,0,2,886.8,40,712105,29.37,2.5,2.7,5,10,6,1,0,moderado
40,4199.0,1,1,629.85,8,201337,19.22,5.0,4.6,25,4,6,1,1,moderado
46,8227.25,1,0,1645.45,21,110188,17.67,7.5,7.5,19,10,10,0,1,agressivo
45,1862.25,1,1,279.34,10,48878,31.67,10.0,9.9,20,4,9,1,1,moderado
56,6592.0,2,2,1318.4,31,-13991,100.0,2.5,2.9,9,8,7,0,1,conservador
37,8574.92,0,1,1286.24,6,33660,18.3,2.5,2.8,28,4,8,0,1,moderado
70,9502.17,0,0,1187.77,11,-16066,100.0,5.0,4.9,5,2,6,0,1,conservador
48,1171.08,0,1,234.22,23,374556,19.65,7.5,7.2,17,10,9,1,0,agressivo
76,2998.92,0,1,599.78,40,86436,17.13,7.5,7.6,5,8,3,1,0,moderado
44,2731.08,2,0,477.94,14,15920,27.98,5.0,4.8,21,6,4,0,1,moderado
64,5972.92,2,2,1194.58,39,1710427,27.26,10.0,10.0,5,10,7,1,1,agressivo
30,8100.5,2,0,1417.59,4,194842,33.16,5.0,4.9,35,8,9,0,1,moderado
71,18259.83,0,2,3651.97,40,-4383,100.0,10.0,10.0,5,8,1,0,1,agressivo
78,3711.17,1,1,556.68,26,62145,31.79,10.0,10.0,5,4,6,0,1,moderado
18,3703.5,1,0,648.11,0,142390,24.43,7.5,7.6,40,8,8,0,1,agressivo
50,13833.25,1,1,2420.82,19,-466454,100.0,5.0,5.2,15,6,7,0,1,conservador
48,6990.75,1,1,1223.38,17,22875,23.75,2.5,3.0,17,6,10,0,1,conservador
22,15202.42,1,0,3040.48,0,521289,22.42,5.0,5.4,40,10,8,1,1,agressivo
46,6947.0,1,0,1042.05,10,-295155,100.0,5.0,5.5,19,4,10,0,1,conservador
40,2185.0,2,0,327.75,8,46958,19.73,7.5,7.3,25,4,8,1,1,moderado
40,1898.0,0,0,332.15,11,-23855,100.0,2.5,2.1,25,6,6,0,0,conservador
67,1593.75,2,0,318.75,40,25477,19.45,2.5,2.4,5,8,5,0,1,conservador
40,9365.0,0,1,1404.75,8,88859,19.33,7.5,7.5,25,4,9,0,1,agressivo
75,14270.75,0,1,2497.38,38,114132,18.98,2.5,2.5,5,8,5,0,1,conservador
38,24211.5,4,0,4842.3,13,324316,21.39,5.0,4.9,27,10,3,0,1,moderado
57,10824.58,4,1,1623.69,16,618637,22.6,5.0,5.3,8,4,7,1,1,moderado
28,13979.67,0,1,2795.93,3,39255,32.82,5.0,4.7,37,8,9,0,1,moderado
46,3467.08,1,1,693.42,21,6304,27.2,2.5,2.3,19,8,4,0,1,conservador
37,2186.25,0,0,382.59,9,116790,33.17,7.5,7.9,28,8,6,1,0,agressivo
53,10885.17,1,1,2177.03,28,187269,23.77,5.0,4.5,12,10,10,0,1,moderado
62,7702.0,2,0,1540.4,37,175277,25.22,10.0,10.0,5,10,10,1,1,agressivo
45,6009.17,4,0,1051.6,15,73864,22.92,5.0,4.9,20,6,10,0,1,moderado
24,7517.5,1,1,1315.56,0,145383,20.31,2.5,2.3,40,8,5,1,1,moderado
45,7141.17,0,0,1428.23,20,1170764,19.55,2.5,2.2,20,10,10,1,0,moderado
56,15400.33,1,0,2695.06,23,213758,32.59,2.5,2.4,9,8,9,0,1,conservador
33,15538.58,0,0,3107.72,8,68868,33.16,5.0,4.6,32,8,9,0,1,moderado
57,8522.5,3,0,1491.44,24,56937,17.59,2.5,2.4,8,6,4,0,1,conservador
28,10847.92,3,1,1627.19,2,93453,19.69,5.0,4.8,37,4,9,0,1,moderado
38,8319.33,1,0,1247.9,6,1404384,24.65,5.0,4.6,27,4,3,1,1,moderado
53,3812.92,0,1,476.62,7,91587,20.38,2.5,2.8,12,2,4,0,0,conservador
45,10100.5,0,2,1262.56,5,117044,23.62,2.5,2.0,20,2,10,0,1,conservador
62,1807.08,0,2,361.42,37,58485,19.27,7.5,7.5,5,8,9,1,1,moderado
21,12812.83,2,0,2562.57,0,626857,25.2,10.0,10.0,40,10,8,1,1,agressivo
50,2120.58,1,1,424.12,25,2280159,21.97,2.5,2.6,15,10,4,1,1,moderado
46,6930.83,0,1,1212.9,16,237024,23.41,2.5,3.0,19,8,9,1,0,moderado
60,2804.42,1,1,560.88,35,136510,18.59,10.0,9.9,5,10,10,1,1,agressivo
58,8585.25,2,1,1502.42,25,127411,24.72,2.5,2.3,7,8,10,0,1,conservador
51,5366.58,0,1,1073.32,26,-1011,100.0,10.0,10.0,14,8,9,0,1,moderado
62,1539.58,3,0,269.43,28,368695,33.11,2.5,2.2,5,8,4,1,1,conservador
19,7720.58,3,1,1544.12,0,147450,23.0,7.5,7.9,40,10,5,0,1,agressivo
33,3472.92,3,2,694.58,8,229237,31.64,5.0,5.0,32,10,6,1,1,moderado
38,11159.08,0,1,1673.86,6,41473,31.17,10.0,10.0,27,4,8,0,1,agressivo
63,5520.08,0,2,966.01,28,-20319,100.0,5.0,4.9,5,6,10,0,1,conservador
55,7566.0,0,2,1324.05,22,65085,32.69,5.0,5.1,10,6,4,0,1,moderado
27,2563.25,0,0,384.49,1,558178,30.41,2.5,2.5,38,4,8,1,0,conservador
47,3441.33,0,0,602.23,16,-20494,100.0,2.5,3.0,18,6,4,0,0,conservador
56,3820.67,1,1,573.1,16,2741430,28.46,7.5,7.2,9,4,9,1,1,moderado
39,10943.0,1,0,1367.88,4,230105,31.36,5.0,5.1,26,2,9,0,1,moderado
28,21099.25,3,1,4219.85,3,17791,18.21,10.0,10.0,37,8,6,0,1,agressivo
42,2895.58,0,1,506.73,13,99427,25.31,5.0,4.7,23,6,3,0,0,moderado
76,13050.33,1,0,2610.07,40,45364,33.19,7.5,7.9,5,8,1,0,1,moderado
79,971.92,2,1,194.38,40,4484,30.11,5.0,4.9,5,8,6,0,1,conservador
48,2121.17,2,0,371.2,17,-398408,100.0,10.0,10.0,17,6,10,1,1,moderado
47,2560.75,3,1,448.13,16,346179,32.82,10.0,9.7,18,8,9,1,1,agressivo
56,1868.83,2,1,373.77,31,268286,30.26,5.0,5.3,9,10,9,1,1,moderado
52,1553.42,3,1,310.68,27,154524,31.62,7.5,7.5,13,10,7,1,1,moderado
33,7673.17,0,1,1150.98,4,15168,29.18,7.5,7.2,32,4,9,0,1,agressivo
30,4646.33,1,1,929.27,5,58370,29.98,2.5,2.8,35,8,3,0,1,moderado
68,7469.75,0,1,1493.95,40,426203,26.31,5.0,4.6,5,10,5,1,1,moderado
29,9580.33,0,1,1916.07,4,24913,32.31,2.5,2.7,36,8,6,0,1,moderado
76,6819.75,0,2,1363.95,40,2703,30.92,7.5,7.8,5,8,5,0,1,moderado
24,9332.92,0,1,1633.26,0,85762,31.18,2.5,2.5,40,6,7,0,1,moderado
76,5215.83,0,0,1043.17,40,97476,28.67,2.5,2.5,5,8,1,0,0,conservador
43,2133.42,0,1,426.68,18,147760,22.56,5.0,4.9,22,10,9,1,0,moderado
23,12853.08,0,2,1606.64,0,359610,17.4,5.0,4.7,40,2,5,0,0,moderado
66,3441.92,3,1,688.38,40,313767,32.46,7.5,7.5,5,10,1,1,1,moderado
55,2608.67,0,1,456.52,22,177753,27.32,10.0,10.0,10,8,7,1,1,agressivo
54,4782.67,2,0,836.97,22,724543,22.45,5.0,4.9,11,8,9,1,1,moderado
48,2656.67,0,1,464.92,17,12351,19.66,2.5,2.9,17,6,10,0,0,conservador
47,3948.67,3,0,592.3,11,257010,30.98,7.5,7.9,18,4,10,1,1,moderado
39,7261.42,3,1,1270.75,10,308601,31.08,5.0,4.6,26,8,9,1,1,moderado
46,7286.33,2,2,1457.27,21,18782,30.76,5.0,5.0,19,8,10,0,1,moderado
53,2688.67,2,1,336.08,7,12653,28.24,5.0,5.3,12,2,10,0,1,conservador
28,3732.83,0,1,559.92,2,39382,23.65,5.0,4.9,37,4,9,0,0,moderado
62,13024.08,4,0,1628.01,9,44698,22.55,5.0,5.2,5,2,9,0,1,conservador
39,8202.58,3,1,1435.45,10,373296,16.84,7.5,7.8,26,8,8,1,1,agressivo
22,29002.67,3,2,5800.53,0,-14388,100.0,5.0,4.8,40,8,8,0,1,moderado
46,14174.42,2,1,2834.88,21,33372,31.04,7.5,7.1,19,8,10,0,1,moderado
52,13773.83,0,0,2754.77,27,-14451,100.0,5.0,5.1,13,8,7,0,1,moderado
38,1816.67,3,1,317.92,10,645608,18.45,2.5,2.4,27,8,8,1,1,moderado
34,10159.67,0,2,1523.95,4,122953,28.02,7.5,7.3,31,4,8,0,0,agressivo
29,5284.83,1,0,1056.97,4,92145,25.99,5.0,4.6,36,8,8,0,1,moderado
44,3548.58,0,1,709.72,19,102231,26.36,2.5,2.9,21,10,7,1,0,moderado
32,6307.5,3,1,1103.81,5,837427,32.34,5.0,4.7,33,8,8,1,1,moderado
37,11745.92,0,1,2349.18,12,39192,17.32,5.0,5.4,28,8,8,0,1,moderado
35,8231.75,0,2,1646.35,10,-260221,100.0,7.5,7.6,30,8,3,0,1,moderado
29,2730.67,1,1,546.13,4,165337,30.17,5.0,5.2,36,10,6,1,1,moderado
71,9987.17,2,1,1747.75,34,94785,17.74,7.5,7.3,5,6,5,0,1,moderado
44,3311.0,1,1,662.2,19,-1540130,100.0,2.5,2.9,21,8,9,1,1,conservador
74,6557.92,0,1,819.74,12,24749,17.45,5.0,4.6,5,2,6,0,1,conservador
41,4326.0,0,0,757.05,12,-21279,100.0,10.0,10.0,24,6,8,0,1,agressivo
63,4628.5,2,2,809.99,28,18984,24.75,7.5,7.5,5,6,4,0,1,moderado
67,10179.0,4,0,1526.85,21,-150952,100.0,2.5,2.4,5,4,5,0,1,conservador
72,2399.25,2,2,299.91,12,-455800,100.0,2.5,2.4,5,2,1,1,1,conservador
55,26140.67,1,0,3921.1,15,1476055,17.96,5.0,5.2,10,4,9,1,1,moderado
43,1284.58,3,1,256.92,18,756095,30.4,5.0,5.3,22,10,4,1,1,moderado
54,3418.5,1,1,683.7,29,89641,26.41,7.5,7.2,11,8,9,1,1,agressivo
54,7415.0,1,0,1483.0,29,69712,17.27,7.5,7.3,11,8,10,0,1,moderado
37,8800.25,1,2,1320.04,6,9830,17.5,5.0,4.8,28,4,8,0,1,moderado
48,5088.33,1,2,890.46,17,2555632,27.74,7.5,7.8,17,8,10,1,1,agressivo
37,5266.75,2,1,1053.35,12,243644,30.64,5.0,4.8,28,10,9,1,1,moderado
71,7658.17,1,1,1148.73,23,57645,24.89,2.5,2.4,5,4,3,0,1,conservador
24,4583.58,0,1,916.72,0,883887,26.81,5.0,5.2,40,10,8,1,0,agressivo
52,16808.42,0,2,3361.68,27,28025,30.55,10.0,9.5,13,8,7,0,1,agressivo
35,10792.08,0,2,1349.01,2,221889,27.7,7.5,7.4,30,2,9,0,0,moderado
54,11085.0,1,0,2217.0,29,93065,21.1,5.0,5.4,11,8,10,0,1,moderado
44,2545.67,0,1,509.13,19,314272,27.74,5.0,4.6,21,10,4,1,0,moderado
44,5174.92,0,0,646.86,5,109605,27.98,10.0,9.8,21,2,9,0,0,agressivo
43,4336.0,2,1,542.0,4,-4103,100.0,5.0,5.3,22,2,9,0,1,conservador
44,2466.58,2,1,308.32,5,135045,29.59,5.0,4.8,21,2,9,1,1,moderado
58,7355.58,2,0,1103.34,16,581459,27.86,10.0,10.0,7,4,9,1,1,agressivo
53,3586.58,1,1,627.65,21,115401,32.92,7.5,7.0,12,8,4,1,1,moderado
68,9315.25,3,1,1630.17,32,385645,20.58,5.0,5.4,5,8,3,1,1,moderado
39,2342.42,3,2,351.36,7,25127,32.67,5.0,5.2,26,4,8,0,1,conservador
53,21814.33,2,0,4362.87,28,115914,26.55,5.0,5.1,12,10,7,0,1,moderado
60,2691.92,1,1,471.09,26,47251,28.65,2.5,2.4,5,6,10,0,1,conservador
43,6571.67,0,0,821.46,4,369708,18.69,10.0,10.0,22,2,9,1,0,agressivo
75,10389.75,4,1,1558.46,25,126403,23.91,5.0,5.4,5,4,1,0,1,conservador
53,3493.17,0,0,611.3,21,339459,30.11,7.5,7.2,12,8,9,1,0,moderado
68,10905.92,0,0,1908.54,32,616347,29.18,2.5,2.5,5,8,3,1,1,moderado
46,2062.58,1,0,309.39,10,340247,17.49,5.0,5.5,19,4,7,1,1,moderado
23,17619.92,0,0,2642.99,0,181621,26.69,2.5,2.6,40,4,5,0,1,moderado
68,5577.0,4,1,1115.4,40,26975,18.47,7.5,7.1,5,8,1,0,1,moderado
49,3421.92,1,1,684.38,24,120068,33.28,5.0,4.7,16,10,10,1,1,moderado
71,4340.5,1,1,651.08,23,-16258,100.0,5.0,4.8,5,4,6,0,1,conservador
48,10532.5,2,1,1843.19,17,71962,31.94,2.5,2.6,17,6,9,0,1,conservador
66,3454.75,1,0,604.58,31,-20624,100.0,2.5,2.2,5,6,3,0,1,conservador
81,3027.83,0,1,605.57,40,27725,17.1,2.5,2.1,5,8,6,0,0,conservador
49,4618.67,1,1,808.27,18,6399,31.39,2.5,2.6,16,6,10,0,1,conservador
47,2150.58,2,1,430.12,22,44257,32.24,5.0,4.7,18,8,10,1,1,moderado
60,23659.67,1,2,4140.44,26,161146,23.43,5.0,5.3,5,8,4,0,1,moderado
49,3505.08,2,1,613.39,18,-4787,100.0,5.0,5.4,16,6,7,0,1,conservador
38,10725.5,0,0,1876.96,10,123441,29.37,5.0,5.0,27,8,8,0,1,moderado
53,6520.25,0,1,1304.05,28,2085256,24.96,2.5,2.1,12,10,10,1,0,moderado
51,2508.5,0,1,501.7,26,559380,28.4,2.5,2.5,14,10,9,1,0,moderado
56,5488.0,0,1,686.0,8,1418786,23.2,2.5,3.0,9,2,10,1,1,conservador
73,10324.67,2,0,1548.7,24,216791,22.89,7.5,8.0,5,4,6,0,1,moderado
51,4743.25,2,0,830.07,20,694720,24.66,5.0,4.6,14,8,4,1,1,moderado
35,14322.42,0,2,2148.36,5,40702,19.59,2.5,2.8,30,4,3,0,1,moderado
82,12485.25,1,1,2497.05,40,-13759,100.0,2.5,2.5,5,8,6,0,1,conservador
26,11501.33,2,1,2300.27,1,1980,31.0,7.5,7.2,39,8,8,0,1,agressivo
61,3817.5,0,2,763.5,36,714414,23.35,7.5,7.9,5,10,10,1,1,agressivo
36,2324.33,0,1,464.87,11,1215281,24.24,5.0,4.6,29,10,8,1,0,moderado
67,3375.17,4,0,506.28,21,52587,31.89,5.0,4.6,5,4,6,0,1,conservador
69,6451.58,1,0,1290.32,40,82377,25.87,2.5,2.7,5,8,6,0,1,conservador
40,8533.17,4,1,1706.63,15,38917,26.65,10.0,9.6,25,8,9,0,1,agressivo
62,970.5,0,0,169.84,28,-64215,100.0,7.5,7.7,5,6,7,0,1,conservador
36,5478.58,2,1,1095.72,11,651738,32.75,5.0,5.1,29,10,6,1,1,moderado
33,6257.67,0,1,938.65,4,8829,31.79,7.5,7.5,32,4,8,0,1,moderado
26,4416.25,0,1,883.25,1,222828,20.05,7.5,7.9,39,10,7,1,0,agressivo
57,15492.5,1,2,2711.19,24,79617,25.48,2.5,2.3,8,6,4,0,1,conservador
64,7727.25,0,1,1159.09,20,142927,32.95,5.0,5.2,5,4,4,1,1,moderado
61,15728.75,0,0,3145.75,36,240023,23.76,2.5,2.6,5,10,10,0,1,moderado
42,4639.25,0,2,811.87,13,90916,23.75,2.5,2.1,23,6,9,0,0,conservador
34,11673.42,0,0,1751.01,4,103220,20.54,7.5,7.7,31,4,8,0,1,agressivo
31,20397.0,2,0,2549.62,2,87481,18.98,2.5,2.3,34,2,9,0,1,moderado
55,15747.67,1,1,2755.84,22,516832,29.68,7.5,8.0,10,8,9,0,1,agressivo
79,2301.58,0,1,402.78,40,225966,30.12,10.0,9.6,5,8,5,1,0,moderado
70,4501.42,0,1,900.28,40,167858,32.92,2.5,2.5,5,10,5,1,0,conservador
68,4183.67,0,0,836.73,40,17918,30.17,5.0,4.7,5,8,6,0,1,conservador
56,8155.83,1,2,1427.27,23,68331,21.45,7.5,8.0,9,6,9,0,1,moderado
81,9548.83,0,2,1909.77,40,464168,17.49,7.5,7.7,5,10,1,1,0,agressivo
29,2818.5,2,2,493.24,3,127585,33.14,7.5,7.1,36,8,9,1,1,moderado
58,5821.75,0,2,1164.35,33,324258,23.2,5.0,4.8,7,10,7,1,1,moderado
70,1095.67,0,1,164.35,22,1706180,22.7,5.0,4.8,5,4,6,1,0,conservador
31,17477.08,3,0,3058.49,4,-171774,100.0,5.0,5.2,34,6,9,0,1,moderado
50,3659.83,2,2,640.47,19,138654,32.06,10.0,9.9,15,8,9,1,1,agressivo
