YY1,AGE,INCOME,NETWORTH,MARRIED,KIDS,EDUC,RISK,OCCAT,FAMSTRUCT,ASSET,DEBT,LIQ,EQUITINC,INCOME_PERCENTILE
1,59,115183,131110,1,0,1,1,1,1,175186.54518423704,44076.54518423704,38018.980481172446,0.0,78
2,51,119098,75775,1,4,4,3,4,2,100203.3908224918,24428.390822491798,14326.50312418766,0.0,79
3,59,30072,-201807,1,1,3,3,1,3,100903.5,302710.5,28032.934545383614,0.0,18
4,39,52716,1709,4,1,4,2,4,4,2305.737757693189,596.737757693189,688.6597018721415,0.0,41
5,78,172096,117604,3,2,3,2,3,2,142551.53049178014,24947.53049178014,16726.38535975327,7884.275992172424,91
6,34,135363,102875,1,4,4,3,2,3,151003.83496253262,48128.83496253262,41141.04401152602,7388.718578885383,84
7,68,22064,61055,2,0,4,3,2,2,91551.41975200105,30496.41975200105,16305.595286890004,0.0,10
8,42,87656,1606132,2,2,2,1,1,4,2014806.0836470656,408674.08364706556,412661.47906340845,0.0,66
9,46,13594,31856,4,1,3,2,1,3,39377.67591775808,7521.6759177580825,11142.432995388019,0.0,4
10,66,68702,383729,1,0,3,2,1,4,477003.25094149983,93274.25094149983,140561.33325086068,12562.12928740421,53
11,74,302009,205742,2,2,1,2,1,3,287690.70870457654,81948.70870457654,43853.495106911774,0.0,99
12,31,30998,799929,1,1,1,1,1,1,1118646.512538327,318717.5125383269,159485.60577891304,0.0,19
13,58,33946,44321,1,2,2,2,3,2,64459.45403890243,20138.454038902433,7483.956085470274,0.0,22
14,54,121932,40156,4,0,3,3,2,4,57244.30213609339,17088.302136093393,12156.375417049321,0.0,80
15,34,19259,624124,2,1,3,2,1,2,833147.4353105897,209023.43531058973,85581.63696679405,42941.25902026965,8
16,60,39886,-68460,1,1,3,4,3,4,34230.0,102690.0,6242.855745437626,0.0,27
17,35,106633,11879,1,1,1,3,2,2,16438.83265201033,4559.832652010329,1885.1527790159746,0.0,76
18,52,39837,-16107,2,0,3,4,4,2,8053.5,24160.5,1458.047168564278,0.0,27
19,43,54787,215253,2,4,4,1,3,2,302750.20204521745,87497.20204521745,32692.915878175958,13062.698066878349,42
20,47,120012,423642,1,1,3,3,1,1,573535.411123372,149893.41112337203,153158.87610045454,14181.581096564476,79
21,46,92710,43527,4,2,3,1,2,3,58443.49812006792,14916.498120067918,8295.925911597495,0.0,69
22,64,81916,1523,1,1,4,2,2,1,2122.345022914128,599.3450229141281,351.59137377290693,0.0,62
23,35,50448,264298,1,0,4,2,1,2,361359.4225035502,97061.42250355019,99015.95057116631,14649.746379702881,39
24,56,88969,19332,4,1,3,2,1,4,26933.007794026147,7601.007794026147,6713.138708658109,0.0,67
25,44,59934,5848,1,1,4,3,1,2,8092.792415441326,2244.792415441326,1163.8056399016416,0.0,47
26,46,95439,1722,1,1,3,3,1,3,2437.936943161354,715.9369431613541,278.8509441035223,0.0,70
27,57,44464,408795,2,1,4,1,2,1,569386.4581118687,160591.4581118687,138437.637204628,13949.27249947252,33
28,41,57179,-43868,3,1,2,2,2,3,21934.0,65802.0,3907.3339493585977,0.0,44
29,45,29972,85949,1,0,2,2,1,4,116540.20409003901,30591.204090039013,29509.84429831078,0.0,17
30,51,64343,968531,4,1,1,2,3,3,1360339.6042290234,391808.60422902345,257184.38330653167,0.0,50
31,35,34585,313635,2,0,4,3,2,1,418653.9828452795,105018.9828452795,70836.45593751209,20949.990030623143,23
32,44,27139,1361979,1,0,3,2,1,4,1733120.1404036812,371141.1404036812,329710.6501267619,78075.56288964624,15
33,55,81383,14926,2,3,2,4,1,3,17917.550506115647,2991.5505061156473,4474.223737123774,0.0,62
34,25,78448,114482,1,1,2,1,1,1,156610.14464806512,42128.14464806512,43920.38438070786,0.0,60
35,30,123784,10667,1,2,4,2,2,1,14690.55579067031,4023.5557906703107,1615.2771346729764,0.0,80
36,45,46868,85470,2,1,4,2,1,2,127488.3075058141,42018.3075058141,26112.449417639054,0.0,35
37,55,91715,83039,4,3,3,1,2,3,108651.83981545636,25612.839815456362,11578.709937764286,0.0,68
38,78,102810,308636,1,1,3,2,2,4,406856.3122600677,98220.31226006767,78800.70724921212,23974.436114639087,74
39,44,94449,129100,1,2,3,3,2,2,162735.69778538303,33635.69778538303,45086.993564638724,5055.138823495774,70
40,29,34182,307155,1,0,3,3,1,3,375085.48843608587,67930.48843608587,64634.00118240785,18521.96025544484,22
41,27,74569,346334,1,4,4,2,1,3,495895.34136923344,149561.34136923344,142069.09811125757,14053.924349716826,56
42,44,88549,-916594,1,2,2,2,2,4,458297.0,1374891.0,103630.89414641187,0.0,67
43,74,66552,75135,1,3,3,1,3,2,95789.93603074056,20654.93603074056,27475.52972801536,0.0,52
44,27,12466,29391,2,0,2,1,3,2,40638.096831160154,11247.096831160154,10217.771811283365,0.0,2
45,45,75236,174403,1,0,3,2,2,4,245268.5042154716,70865.50421547159,29600.728142991153,10586.828776570623,57
46,54,388490,36191,1,0,3,1,2,2,48545.5580849316,12354.558084931603,7098.830236578224,0.0,100
47,39,49611,1113413,3,0,3,3,2,1,1628818.1505665833,515405.15056658327,291288.2132251975,73632.76865273541,38
48,64,36958,78839,3,3,2,3,3,4,105103.30244040025,26264.30244040025,14086.089257501768,0.0,25
49,64,89203,51618,1,0,3,4,1,3,66353.52399125096,14735.523991250957,13203.178207344425,0.0,67
50,30,84957,59458,1,0,2,2,4,4,87332.18728927564,27874.187289275636,16966.341140112167,0.0,64
51,57,171817,-106260,2,0,2,4,3,1,53130.0,159390.0,15474.210238238953,0.0,91
52,58,24190,95166,1,0,1,2,3,4,138796.6880024794,43630.68800247941,25919.66752830573,0.0,12
53,46,118789,46050,1,0,4,2,1,3,57526.21186886064,11476.211868860642,14791.447985551516,0.0,79
54,36,106121,1465970,2,2,3,4,2,3,1770581.4222228893,304611.42222288926,510604.0046442628,96922.92388336119,76
55,69,59058,33381,1,1,3,2,2,4,40958.34235695201,7577.342356952009,11279.835992146322,0.0,46
56,32,86764,127178,1,0,4,1,1,4,163546.35751598323,36368.357515983225,23180.00173567507,8998.313999351647,65
57,40,150778,320763,1,1,4,3,1,1,478475.0912358229,157712.09123582288,95315.09890531431,23312.25658852968,88
58,58,132966,10435,1,1,3,4,3,1,14270.434817469963,3835.4348174699626,2419.5230610860367,0.0,83
59,63,26518,247803,1,0,3,3,2,3,325112.2130946147,77309.21309461468,58511.01036969846,8391.498279209263,14
60,70,127532,24768,4,2,3,2,2,2,36325.11606941055,11557.11606941055,6253.781575343566,0.0,82
61,37,62833,414228,1,2,3,2,1,2,553384.1268947028,139156.1268947028,146797.22669428843,19536.38339698939,49
62,68,70143,28453,1,2,3,4,3,2,36834.44540816828,8381.445408168278,7014.302809378542,0.0,54
63,51,70161,340834,1,2,4,1,3,2,505240.6850581492,164406.68505814922,103442.40514269017,21934.755855215702,54
64,51,58677,633331,4,0,4,2,2,3,921404.9619142425,288073.9619142425,273186.87011196587,34788.43759898819,46
65,46,171676,438956,2,4,2,1,2,2,637847.1886201848,198891.18862018478,71436.2408905872,0.0,91
66,68,61884,175777,1,2,2,2,2,2,237946.7625837412,62169.76258374119,47016.264391616525,0.0,48
67,29,27020,85224,3,3,3,2,2,4,122452.5294301945,37228.529430194496,31202.41573314062,0.0,14
68,29,48299,50785,1,0,2,1,1,2,63674.53810507508,12889.53810507508,8292.487383846306,0.0,37
69,71,76340,1095314,1,3,1,1,4,4,1502734.5391598279,407420.53915982787,334067.38371900417,0.0,57
70,58,176905,42224,1,2,4,2,2,3,63131.37307389443,20907.37307389443,9336.685374359104,0.0,92
71,74,107202,25448,1,2,2,1,1,4,32758.89304194633,7310.893041946329,8958.929018048213,0.0,76
72,64,33509,327110,1,0,4,1,2,1,470484.1771260621,143374.1771260621,77827.46109539951,12931.900447147993,21
73,43,483183,-10957,2,2,4,3,3,4,5478.5,16435.5,908.4041284783266,0.0,100
74,66,81782,28995,1,4,4,2,1,2,39060.42642509937,10065.426425099373,8579.18423846854,0.0,62
75,61,183562,13829,2,2,2,2,1,4,16759.941837983475,2930.941837983475,2291.2949165385025,0.0,93
76,40,58608,58432,1,1,2,4,3,4,83493.82483594952,25061.82483594952,13106.670906459802,0.0,45
77,49,101385,106502,1,3,3,1,1,3,133188.28530481464,26686.285304814635,24416.924874636854,6138.293732094683,73
78,36,129517,-52086,1,1,2,2,3,3,26043.0,78129.0,4446.258173951579,0.0,82
79,72,175352,502303,4,1,2,2,1,2,697920.9201574445,195617.92015744455,143056.6502077716,0.0,92
80,79,154182,-79727,1,1,2,3,3,1,39863.5,119590.5,8767.100976618647,0.0,88
81,79,132953,90553,2,3,2,4,1,1,110990.74492906066,20437.74492906066,23678.043056663024,0.0,83
82,33,51427,89563,1,0,2,4,1,4,132916.88541657932,43353.88541657932,30681.691455295688,0.0,40
83,57,41881,259169,1,1,4,3,3,1,333684.5364349941,74515.53643499408,53906.70460097421,13054.804534587436,30
84,78,86343,813299,1,2,2,1,2,3,1031213.8521829601,217914.85218296014,129195.8805625949,0.0,65
85,42,139595,145724,1,2,1,1,2,2,180514.28200384876,34790.282003848755,45518.75361729373,0.0,85
86,63,55371,59653,1,1,3,2,1,2,88513.16065177627,28860.16065177627,23912.368202611473,0.0,43
87,34,155148,27192,1,3,4,1,2,3,38437.82596933919,11245.825969339188,5819.534762374204,0.0,88
88,58,211523,13796,2,3,2,3,2,2,19624.786086226424,5828.786086226424,3560.297120027563,0.0,95
89,47,31791,327552,1,0,2,2,4,4,442136.6888667666,114584.68886676658,88300.81743850923,0.0,20
90,49,33876,286922,2,1,3,1,4,2,385169.3536816133,98247.35368161328,79601.1664330021,14203.188135056427,22
91,60,59142,-85997,1,0,4,3,2,1,42998.5,128995.5,9971.26762430248,0.0,46
92,51,84633,99410,2,0,4,1,2,2,122573.16352973481,23163.16352973481,13277.204338058988,0.0,64
93,65,43492,994904,2,1,3,2,2,2,1360981.2436082687,366077.2436082687,332481.4798196685,70128.48062458058,32
94,57,195196,58327,1,3,2,2,3,3,74312.96952306313,15985.969523063133,8352.346862901204,0.0,94
95,25,92897,505298,1,2,3,2,1,3,754482.4747120138,249184.47471201385,146111.35095463533,25456.871144436675,69
96,55,68292,113764,2,0,1,2,1,1,163703.47021796496,49939.47021796496,43468.874440180654,0.0,53
97,63,20978,48410,3,0,4,1,1,3,64089.883690181305,15679.883690181305,12192.655758466357,0.0,9
98,64,23094,293254,1,1,4,2,1,1,365219.22884289804,71965.22884289804,47412.011498993976,9185.514477507813,12
99,63,82851,-66868,1,1,4,3,1,4,33434.0,100302.0,9930.124314785851,0.0,63
100,61,12015,205964,3,0,2,4,2,1,295681.81693011255,89717.81693011255,82157.28993214184,0.0,2
101,42,148763,136205,1,3,1,2,3,2,168433.3000035932,32228.300003593205,42826.31011672937,0.0,87
102,50,58306,113909,2,3,3,2,2,1,143160.84555812934,29251.84555812934,26098.554361419356,3747.966843487266,45
103,44,886001,4336412,1,1,4,3,1,4,5478866.433417684,1142454.4334176844,749339.8797379782,315743.7068660021,100
104,63,419296,-213717,1,3,4,4,1,2,106858.5,320575.5,30805.407345921776,0.0,100
105,55,57230,356553,2,0,2,1,2,1,487431.908324456,130878.90832445602,100640.17593183019,0.0,44
106,66,60774,142585,2,2,2,2,1,3,204768.74190276492,62183.741902764916,55384.02524577594,0.0,47
107,45,146746,-163859,1,1,3,3,2,3,81929.5,245788.5,13798.484554873376,0.0,87
108,54,258470,262233,1,0,2,2,4,3,339406.7200777837,77173.72007778368,56700.49360384698,0.0,98
109,45,17846,-37621,2,3,4,1,1,1,18810.5,56431.5,5588.751842343802,0.0,6
110,76,15849,76469,2,1,3,2,1,1,93705.18480834513,17236.184808345133,19150.21093049692,0.0,6
111,77,40230,106790,1,2,4,1,2,4,143030.41875593184,36240.41875593184,18327.786953962357,8332.828025061857,28
112,26,105470,1037,2,0,3,2,4,2,1477.137096024856,440.13709602485596,212.6116327871451,0.0,75
113,36,98469,165363,2,0,4,2,3,2,209432.09942533795,44069.09942533795,41130.13039038362,10652.761655216258,72
114,34,155720,57947,2,0,2,3,3,2,73359.5903355713,15412.590335571294,7959.088752478845,0.0,88
115,23,25342,1314550,2,1,4,2,1,2,1951013.1866395855,636463.1866395855,375583.2996123636,63385.51705046303,12
116,69,10374,124121,1,2,2,1,4,1,184474.35442912785,60353.35442912785,33904.203720258134,0.0,2
117,66,131453,20263,2,0,3,1,1,1,30336.542138629116,10073.542138629116,7762.127704468202,0.0,83
118,64,34113,111879,2,2,2,3,1,4,161362.84456937545,49483.84456937545,27591.173466342803,0.0,22
119,58,13163,-7531,1,2,3,1,3,2,3765.5,11296.5,1116.5074723154723,0.0,3
120,57,74313,245269,1,2,2,2,4,1,308169.5228962959,62900.52289629588,41958.50824662183,0.0,56
121,76,124809,186543,1,1,2,1,1,1,235714.70065033698,49171.70065033698,51432.319972153484,0.0,81
122,48,60015,-152175,2,3,4,3,1,1,76087.5,228262.5,8973.749052223115,0.0,47
123,33,45877,36815,1,1,2,2,1,1,47935.61767999406,11120.617679994059,11829.206441169967,0.0,35
124,62,58250,126881,2,1,4,2,1,2,164366.6921124374,37485.69211243739,49137.543845922475,9760.957333417542,45
125,54,49194,15560,4,0,4,2,1,2,23137.071532696147,7577.071532696147,6104.201004640573,0.0,38
126,29,22506,345325,2,0,1,3,4,1,496136.09194158623,150811.09194158623,104754.5257883731,0.0,11
127,42,37356,262578,4,0,4,2,3,3,372126.23418845894,109548.23418845894,73289.61859575575,16579.2154407184,26
128,58,100410,253649,4,1,2,3,3,4,318529.61574573634,64880.615745736344,85049.31611427481,0.0,73
129,78,85591,120864,1,0,1,3,3,2,178015.46916203058,57151.46916203058,51125.12007885941,0.0,65
130,45,75693,224618,2,0,3,4,2,2,325327.97667117533,100709.97667117533,96896.10917668081,16221.16565770284,57
131,38,29848,1337762,1,2,4,2,3,3,1670988.5510815578,333226.55108155776,299621.35697115125,91359.26549765789,17
132,68,57227,78618,3,0,1,4,2,2,114888.50074743232,36270.50074743232,34257.854683457845,0.0,44
133,41,11595,-44533,1,0,3,1,1,3,22266.5,66799.5,2921.036378805724,0.0,2
134,24,76326,-7092,4,0,3,2,2,3,3546.0,10638.0,534.41750109091,0.0,57
135,61,207541,32781,2,2,4,3,2,1,42014.56394692813,9233.56394692813,4949.451127680816,0.0,95
136,55,20347,139625,2,0,1,1,3,2,170937.43147854233,31312.431478542334,26383.7999561836,0.0,9
137,55,41409,631529,1,1,4,1,4,4,882275.5003231838,250746.50032318383,223734.0475464667,30917.743647527477,30
138,67,86101,82090,1,1,4,2,2,3,114609.24734665791,32519.24734665791,31011.528481558464,0.0,65
139,59,180281,84636,2,2,4,2,3,4,103973.5996684787,19337.599668478695,26594.214380171317,0.0,92
140,57,46231,-19647,1,1,4,2,1,1,9823.5,29470.5,2222.204934366073,0.0,35
141,48,38032,54060,3,2,4,3,3,2,70043.1386373335,15983.138637333497,14204.279402047441,0.0,26
142,38,13696,-56301,1,0,1,3,2,1,28150.5,84451.5,6805.126018701751,0.0,4
143,25,71879,12760,2,0,3,2,1,1,19112.4937615142,6352.493761514201,3405.210130583466,0.0,55
144,60,338967,823574,1,0,3,1,2,4,1155909.169156516,332335.16915651597,310086.1244329433,44419.55431817424,99
145,54,82610,44438,2,0,2,4,2,4,63058.52407605562,18620.52407605562,14846.37397662586,0.0,62
146,38,65002,356060,2,0,3,1,1,3,450015.39861368074,93955.39861368074,107806.11177086018,13995.510744215275,51
147,27,85619,17943,1,0,3,1,4,2,21955.67601000697,4012.6760100069696,4548.935006449339,0.0,65
148,49,65586,328818,1,1,3,1,1,1,421896.67794517067,93078.67794517067,116884.70132641139,14665.514623936064,51
149,63,34530,330352,1,2,4,2,4,3,421089.6238036024,90737.62380360242,63333.1202599357,22763.328422866252,23
150,61,127851,-64365,2,0,1,1,3,3,32182.5,96547.5,5671.506870858403,0.0,82
151,35,79269,27128,2,2,4,1,1,1,34462.41370952796,7334.413709527958,8806.129361827383,0.0,60
152,43,67110,175311,2,0,3,2,2,1,220510.78587730165,45199.78587730165,43782.36785286079,13095.54229297098,52
153,36,30324,20443,2,0,3,1,3,3,28056.51917522053,7613.519175220528,7795.301921224176,0.0,18
154,28,187738,-24757,1,1,4,2,2,1,12378.5,37135.5,2095.4307959368934,0.0,93
155,77,112618,564739,1,0,3,3,3,1,733274.6486530304,168535.6486530304,127491.55482094092,37398.72274832895,77
156,41,42517,398336,1,0,3,3,2,4,576035.0855741919,177699.08557419188,159992.10785585354,21214.851481570935,31
157,69,147481,123349,1,1,3,1,2,2,154825.71901321708,31476.71901321708,29861.865643438177,4234.011590722446,87
158,42,44442,-8381,4,3,3,1,4,3,4190.5,12571.5,851.6140140201042,0.0,33
159,60,35397,-95264,3,2,4,4,1,1,47632.0,142896.0,7933.240257773817,0.0,23
160,63,36034,124128,1,0,4,1,2,3,166255.5687158312,42127.56871583121,25825.140588295002,4077.281748802049,24
161,54,16044,3712,2,2,2,3,1,2,4469.609366644083,757.6093666440829,1033.3278370646858,0.0,6
162,61,96493,390016,3,2,2,1,3,3,524378.3438024053,134362.3438024053,65006.20390407275,0.0,70
163,61,15291,116267,1,1,3,4,3,3,141468.0427279935,25201.04272799351,39024.60018728326,5664.095521042133,5
164,65,24766,732103,1,2,1,2,1,3,1093261.8948637494,361158.8948637494,279700.8090430948,0.0,12
165,31,12575,23320,1,1,3,2,1,4,33514.98253203829,10194.982532038288,4630.083198427152,0.0,3
166,35,61768,1027,2,0,2,3,1,2,1383.4033459516918,356.4033459516918,330.3622376373523,0.0,48
167,82,58673,183253,4,1,3,2,2,2,224663.81794453214,41410.817944532144,49544.3443774727,9747.426071466529,45
168,24,50952,-56014,2,1,1,2,2,3,28007.0,84021.0,3834.354633196238,0.0,39
169,36,28736,-2864,1,1,2,2,4,3,1432.0,4296.0,221.4454841327866,0.0,16
170,57,25905,27784,1,1,4,3,2,2,38278.95123807626,10494.95123807626,6959.0100104993735,0.0,13
171,58,95941,7518119,2,3,3,1,1,1,10733085.651198914,3214966.6511989143,2574314.998793547,454515.6361576805,70
172,68,42597,76235,3,3,4,1,3,4,95843.79893484502,19608.79893484502,21827.915487411687,0.0,31
173,62,85228,360929,2,3,4,2,2,2,494639.6604696265,133710.66046962648,102116.8589159437,10944.982823234375,64
174,71,32591,45433,2,2,3,1,2,3,65617.21312386866,20184.213123868656,16645.912987215113,0.0,21
175,37,76485,5242,1,3,1,2,1,1,7498.546455126598,2256.5464551265977,1886.540915618756,0.0,57
176,21,187704,93396,3,0,4,1,2,1,134574.07275021618,41178.072750216175,30086.97182465383,0.0,93
177,69,105760,-24285,2,0,4,2,4,1,12142.5,36427.5,3125.455417500048,0.0,75
178,44,47575,66183,1,1,4,1,2,4,96878.47866844581,30695.47866844581,16164.433311482644,0.0,36
179,35,81288,101522,2,2,2,2,1,4,150385.00871263014,48863.00871263014,41543.84447022226,0.0,61
180,72,54582,179225,1,1,4,1,2,2,236873.85871240613,57648.85871240613,52818.61082825709,14245.904252191187,42
181,38,66589,-28878,1,2,2,1,4,2,14439.0,43317.0,3818.7213551875375,0.0,52
182,40,50996,18105,1,0,4,1,1,2,24815.269380353006,6710.2693803530055,5192.739566481097,0.0,39
183,55,58019,250015,1,0,4,4,2,2,359321.022421288,109306.02242128801,51629.992947177685,12049.95899671309,45
184,63,78407,6476,1,2,2,1,4,3,9125.603230533867,2649.6032305338667,1902.5242475615992,0.0,60
185,51,29891,5566,1,0,4,3,1,4,8341.51967715586,2775.5196771558603,1453.279016878478,0.0,17
186,70,29357,-109622,2,0,2,1,3,1,54811.0,164433.0,13127.223932845836,0.0,17
187,33,21789,257952,1,0,4,1,2,3,310600.8532373236,52648.85323732358,60616.47685929843,18676.945735841346,10
188,66,18394,110625,1,0,2,2,3,2,144535.9835832928,33910.98358329281,38623.275687691115,0.0,7
189,72,24988,14865,1,2,4,2,2,2,19091.244037201966,4226.244037201966,4498.173965251466,0.0,12
190,55,75174,41694,2,0,1,4,1,3,53313.89911704054,11619.899117040542,12630.536480456798,0.0,56
191,58,32395,-24389,1,1,4,4,3,1,12194.5,36583.5,1749.0701428513582,0.0,20
192,33,99796,11005,1,0,3,3,1,4,13940.682076920071,2935.6820769200713,4138.290823479586,0.0,73
193,82,68034,-11938,3,2,3,2,2,4,5969.0,17907.0,1601.6918648283033,0.0,53
194,40,13700,320775,2,0,2,2,1,1,453170.76001125155,132395.76001125155,116827.86463891709,0.0,4
195,48,111745,1025774,3,1,4,2,1,4,1257012.019181856,231238.01918185595,208718.10330678505,58210.96687686123,77
196,73,126581,64269,1,2,2,4,4,2,91421.53744461131,27152.537444611313,18935.80758591958,0.0,81
197,38,29878,375019,1,0,3,2,2,2,528037.1597541303,153018.1597541303,67282.831580214,13696.433689982054,17
198,53,92610,6828,2,3,2,2,4,2,8707.347185014836,1879.3471850148362,1808.474174419909,0.0,69
199,34,33349,324219,1,1,4,1,1,2,413654.8549032076,89435.85490320763,53435.04450751726,22655.86529385951,21
200,62,71548,36101,1,1,1,1,2,1,50131.94879745656,14030.948797456564,10558.167855334148,0.0,55
201,71,24062,-57356,1,0,2,4,1,4,28678.0,86034.0,6588.6092158164765,0.0,12
202,34,15764,83147,3,3,2,2,3,4,118788.07227229541,35641.07227229541,21148.932578837466,0.0,5
203,26,48715,873812,1,2,3,2,3,3,1278339.4939629291,404527.4939629291,255295.87089306,57227.130799494334,37
204,20,59935,32478,4,0,2,1,1,1,47276.3366264597,14798.336626459699,13007.170527406677,0.0,47
205,39,48139,309096,3,0,3,3,4,4,460387.6421892211,151291.6421892211,56034.99026259684,17424.299205364234,37
206,51,25662,79279,1,2,4,1,1,4,108962.28393521497,29683.283935214975,28150.03325109697,0.0,13
207,76,48054,95086,2,2,4,3,2,3,140023.32681168284,44937.32681168284,18784.2567409128,0.0,36
208,56,82078,91511,2,2,3,1,4,2,132009.55744480004,40498.55744480004,14170.11665742607,0.0,62
209,55,63836,33910,3,1,1,3,3,4,49793.45374214646,15883.453742146463,6827.425453715195,0.0,50
210,67,76573,118048,1,2,4,3,4,2,142069.34910856048,24021.349108560476,35944.77251866489,6578.538166288504,58
211,57,38712,109757,2,0,2,1,1,3,163512.78440346476,53755.78440346476,29599.936897496926,0.0,27
212,43,168952,173140,1,0,4,2,1,4,232364.10371857177,59224.10371857177,63784.899946462785,5951.510946985784,90
213,39,25824,-41059,4,1,2,2,1,2,20529.5,61588.5,4207.346693340265,0.0,13
214,66,97738,399109,1,4,3,1,2,1,574499.4044358678,175390.4044358678,60006.503229619906,25061.030900818518,71
215,64,170333,481789,1,0,3,3,3,2,596532.463635489,114743.463635489,145161.83341493318,36405.06461728542,91
216,29,97219,24935,2,1,4,2,1,2,32883.83736723643,7948.837367236432,4013.35994530493,0.0,71
217,55,56273,443813,3,2,2,2,3,2,568718.9313712005,124905.93137120048,146658.92145485117,0.0,44
218,42,43363,20343,2,1,3,1,1,2,26191.56431049017,5848.564310490168,3499.7301798449666,0.0,32
219,71,151580,291205,1,2,2,2,1,1,360213.79584233894,69008.79584233894,60908.29036243811,0.0,88
220,34,21197,305470,1,2,4,3,3,3,440405.0033780737,134935.00337807368,111094.04964496492,10588.276273727415,9
221,66,30451,6856,4,0,4,2,2,2,8246.209592630361,1390.209592630361,2398.3793139851878,0.0,18
222,77,48144,138616,2,5,3,4,3,2,179334.67692763824,40718.67692763824,31255.66520060144,5984.82516215743,37
223,43,178104,59710,3,2,3,4,1,4,74776.21606063565,15066.216060635648,19881.503619330444,0.0,92
224,48,89663,38632,1,3,4,1,3,4,53185.125706074425,14553.125706074425,7347.974695223284,0.0,67
225,55,30502,914633,1,2,3,1,1,1,1167323.8913281644,252690.89132816438,305180.43520364555,68703.02243366335,18
226,54,51624,45228,2,3,3,3,1,1,57787.79463041907,12559.79463041907,13377.805796446071,0.0,40
227,28,40479,35969,3,0,3,2,3,1,48432.31041041029,12463.31041041029,6710.233715221146,0.0,28
228,43,37502,-40520,1,0,4,1,3,4,20260.0,60780.0,3251.7460473439196,0.0,26
229,68,144800,337184,3,3,2,1,1,2,470643.6903123392,133459.69031233923,59467.79648824296,0.0,86
230,49,22083,97492,2,0,4,2,1,4,120538.27147724008,23046.27147724008,21286.263457023488,0.0,11
231,74,239671,693534,1,0,3,3,2,3,868757.7479022617,175223.74790226168,122260.04175534906,30666.12845764803,96
232,64,128358,267389,1,2,1,1,1,1,340694.34233471507,73305.34233471507,77950.72608887882,0.0,82
233,44,158369,4594,1,2,4,1,3,1,6854.819788697373,2260.819788697373,2048.912632544063,0.0,89
234,40,45690,54491,2,0,3,4,3,1,71881.5710623169,17390.5710623169,7360.804608159788,0.0,34
235,31,58691,51908,1,3,2,3,1,3,71617.31328734261,19709.313287342608,14909.576075039728,0.0,46
236,32,21025,247469,1,2,3,2,2,2,314895.1074960031,67426.1074960031,67618.47173001266,15515.60933053471,9
237,49,43489,2351,3,1,4,3,3,2,3167.121103093576,816.121103093576,895.7941003957048,0.0,32
238,47,98215,5517936,1,2,4,2,1,2,6744218.658190367,1226282.6581903668,1356943.9897948452,313092.7002896856,71
239,48,186623,267410,1,1,4,3,2,1,323679.1191723268,56269.11917232681,67564.87123791478,15995.498242704138,93
240,64,27289,150740,1,0,4,2,1,2,202085.06754992006,51345.06754992006,39271.30439830329,7656.000951187757,15
241,54,49394,709525,2,0,1,1,2,4,936287.6192929504,226762.61929295037,143983.11615639422,0.0,38
242,65,58627,4055080,2,1,3,3,1,1,5032614.194032781,977534.1940327808,559656.0216568455,182476.87062064715,45
243,53,21663,445129,1,1,4,2,3,3,625976.2009362172,180847.2009362172,113759.61677224435,14434.052319492339,10
244,49,106200,500428,2,2,3,4,2,3,749576.6124431212,249148.61244312115,82841.92861550965,33635.791094454995,76
245,51,37079,146683,2,2,3,2,1,2,193429.9988020792,46746.99880207921,40639.35142207714,9872.451365751787,25
246,42,56595,97510,1,1,3,4,3,1,135282.21377649152,37772.213776491524,21842.494245101316,0.0,44
247,74,46094,59059,1,2,3,4,1,4,87932.51885403125,28873.518854031252,18177.45253194133,0.0,35
248,42,35190,34920,1,0,4,1,2,4,50615.160371353464,15695.160371353464,6421.00851518501,0.0,23
249,57,65799,-12906,1,0,3,3,2,1,6453.0,19359.0,1848.9522337832175,0.0,51
250,40,55687,15901,2,3,3,2,1,2,21292.4831708208,5391.4831708208,5938.564021927817,0.0,43
251,73,49144,-32280,2,0,4,4,4,3,16140.0,48420.0,2227.308731704974,0.0,38
252,31,36946,-2890,1,0,3,2,3,3,1445.0,4335.0,243.75539787196885,0.0,25
253,36,85444,160552,1,2,2,3,1,4,228184.0235127027,67632.0235127027,50816.25216669933,0.0,65
254,63,248424,114176,1,1,3,2,3,4,141400.18390669316,27224.183906693157,16846.02785274714,7254.319104961414,97
255,54,74006,150302,2,3,4,1,2,4,203453.47010517598,53151.47010517598,34772.95772926004,9346.032281097761,56
256,42,146810,-16528,1,0,4,1,4,3,8264.0,24792.0,1241.4383876544532,0.0,87
257,61,21759,12179814,2,0,4,2,1,4,15635447.481252022,3455633.481252022,4426447.494136714,513815.88692069426,10
258,48,75072,927431,1,0,4,3,2,3,1157757.6600687674,230326.66006876738,313175.909897662,28859.099213390262,56
259,43,27504,18642,2,1,2,2,2,3,24754.418596319112,6112.418596319112,5346.126338266139,0.0,15
260,44,20301,170980,3,0,4,2,2,2,211896.26055511783,40916.26055511783,43241.51465083982,12043.107927973626,9
261,68,36625,48435,1,1,4,1,2,2,68278.60311432937,19843.603114329366,19537.591738239742,0.0,25
262,61,171702,26325,1,3,2,2,1,2,35193.155747911216,8868.155747911216,10082.330812801722,0.0,91
263,59,141494,-4846,4,3,2,1,3,4,2423.0,7269.0,712.0373787454147,0.0,86
264,52,80370,230573,1,0,4,3,2,3,313427.88340929965,82854.88340929965,39202.23599497979,12579.354279549696,61
265,49,19415,43387,2,1,4,4,4,4,53969.6438552986,10582.6438552986,7130.013958544804,0.0,8
266,39,56555,514905,1,1,4,2,1,3,639476.7381466038,124571.7381466038,150499.14914584337,23346.774384471584,44
267,71,84234,535348,2,3,4,1,3,2,736116.6859306911,200768.68593069108,153323.45910720056,18788.89212155823,64
268,31,76147,-284048,1,5,3,1,4,2,142024.0,426072.0,14726.92033531139,0.0,57
269,27,15138,33571,4,0,3,2,3,4,50205.5286733147,16634.5286733147,5642.850756611775,0.0,5
270,60,32459,245990,2,2,3,2,3,3,302291.00429119443,56301.00429119443,83920.84255798385,8151.144207291626,20
271,44,62864,311352,2,0,1,3,3,4,400311.3155240439,88959.31552404392,109594.89378896327,0.0,49
272,72,101623,-17760,2,0,4,1,2,1,8880.0,26640.0,1522.5131574649763,0.0,73
273,62,11419,37886,2,0,3,3,2,4,55345.29842674632,17459.298426746318,15397.622304146003,0.0,2
274,49,58122,1348200,1,1,3,2,1,2,1647071.1380767531,298871.1380767531,360272.12989494595,63963.10571621291,45
275,63,74194,169607,3,1,3,2,2,3,248095.30486316537,78488.30486316537,64797.81192393673,11912.661967196324,56
276,68,130573,312997,4,0,3,2,1,3,424826.3819815041,111829.38198150409,78799.43729964494,23767.79886851205,83
277,67,115183,-10539,1,2,2,1,3,4,5269.5,15808.5,646.4604971887993,0.0,78
278,47,105456,19362,4,0,2,2,2,2,25605.858383029037,6243.858383029037,4781.776586903115,0.0,75
279,28,34893,51319,2,1,2,3,2,1,66350.5490645857,15031.549064585706,12703.473443302231,0.0,23
280,19,14380,100104,2,0,2,2,1,4,129047.58479916885,28943.58479916885,27124.361994767874,0.0,4
281,69,48317,24432,1,0,4,3,4,3,31559.8106083217,7127.810608321699,3822.4151453874806,0.0,37
282,50,147459,118804,1,1,2,2,1,2,174100.24356911852,55296.243569118524,51930.68552327489,0.0,87
283,37,201745,9578,1,0,2,1,1,3,13573.353214384228,3995.3532143842276,2020.0863817282163,0.0,95
284,55,116825,22469,1,1,3,2,1,3,31477.201878887437,9008.201878887437,4397.6950058238235,0.0,79
285,56,93290,329841,2,0,3,2,4,3,474847.2654118431,145006.26541184308,97514.91162712802,24684.498342766896,70
286,55,89653,298249,1,1,2,2,4,3,380904.05733789696,82655.05733789696,79015.36076711328,0.0,67
287,43,42408,66982,1,0,4,1,3,1,92797.72309165804,25815.723091658045,17442.64491704943,0.0,31
288,61,59632,26195,4,2,4,2,3,2,35049.430538851055,8854.430538851055,8915.819087107437,0.0,46
289,33,251514,25819,1,2,2,1,1,4,37043.35817377014,11224.358173770139,7532.058621025853,0.0,97
290,44,31130,68878,1,0,2,1,4,2,89043.8827131537,20165.882713153696,19762.318391049936,0.0,19
291,36,240824,317038,1,1,4,2,1,2,441619.2187005594,124581.2187005594,108085.98452228398,24094.901232368054,96
292,62,51142,485225,1,0,4,2,1,2,710691.4552572167,225466.4552572167,74626.17069539847,36579.301480996764,39
293,39,191060,57251,2,1,4,4,1,4,75608.25507379076,18357.25507379076,16189.907689427188,0.0,94
294,29,21472,21370,2,0,1,2,2,2,26071.114202112796,4701.114202112796,7217.498427465591,0.0,10
295,56,105738,-54056,2,1,3,3,3,4,27028.0,81084.0,2796.7965887577257,0.0,75
296,56,36701,35055,1,1,3,2,2,4,47493.04847315746,12438.048473157462,8597.971506570739,0.0,25
297,32,21328,55415,2,3,2,3,4,1,72249.6196235479,16834.6196235479,20608.87815480676,0.0,10
298,64,78812,880208,1,1,3,1,2,3,1233759.0473282004,353551.0473282004,210517.39251679284,49609.61220783406,60
299,51,148386,416929,1,1,3,4,1,4,619268.7618847535,202339.76188475348,118742.16238914174,17081.907138394567,87
300,43,33659,152811,1,1,2,2,2,3,205635.08780442487,52824.08780442487,60931.37888891144,0.0,22
301,22,19946,17892,1,3,4,3,3,2,23972.722679382845,6080.722679382845,3352.9393867395897,0.0,9
302,60,61483,165560,1,2,4,2,3,3,231183.91785590944,65623.91785590944,26135.58184206039,11573.0296127232,48
303,55,61700,-178084,1,0,2,1,2,3,89042.0,267126.0,24209.141267094456,0.0,48
304,55,102606,68634,4,2,4,2,2,3,84491.83429849228,15857.834298492278,23124.829370589025,0.0,74
305,63,141446,914992,1,1,2,1,1,2,1167577.2404450632,252585.24044506322,226995.19114270044,0.0,85
306,25,63099,838288,1,2,4,2,2,2,1237056.4022445234,398768.4022445234,250926.29567789106,34106.291113160936,50
307,45,291968,1462414,1,2,2,1,4,4,2048816.8370939277,586402.8370939277,547364.5162340674,0.0,98
308,70,79172,190587,2,0,1,2,1,4,229473.0780032002,38886.07800320021,56843.21206454607,0.0,60
309,33,50154,291002,1,2,3,4,3,1,367066.326529686,76064.32652968599,56172.08669833054,12617.952597535756,38
310,51,18228,1005787,3,0,3,2,2,2,1412981.0535862225,407194.05358622246,146072.10348813434,41903.818229146775,7
311,29,53630,-70764,4,0,4,3,1,1,35382.0,106146.0,6932.750230152384,0.0,41
312,60,50558,56848,1,0,3,2,4,2,81253.96976018316,24405.969760183158,22083.40421026308,0.0,39
313,51,142663,61524,1,2,2,2,2,3,89330.25610475932,27806.25610475932,24938.053829727218,0.0,86
314,60,95797,172444,1,0,3,4,1,1,222048.04100472401,49604.041004724015,64670.434864103816,9613.601281145977,70
315,57,25758,17398,2,0,3,3,1,1,25737.01065541111,8339.010655411112,7101.16674925072,0.0,13
316,71,75947,-29177,1,2,2,3,1,1,14588.5,43765.5,3151.2430812932616,0.0,57
317,74,113235,624571,1,0,4,1,3,2,853091.5782806514,228520.57828065136,161167.01630101312,28787.33643023352,77
318,28,224678,-1351,1,0,4,2,2,4,675.5,2026.5,172.23221426675678,0.0,96
319,55,134591,-361403,2,0,4,1,4,1,180701.5,542104.5,44807.52581246296,0.0,84
320,72,121622,649242,1,0,4,2,1,4,914757.1163919482,265515.1163919482,189929.81810051145,24481.489098542796,80
321,50,69429,60497,1,1,2,2,1,2,83426.67329447882,22929.673294478824,9799.75376546801,0.0,54
322,77,90278,272416,2,0,4,3,1,1,336930.10642027244,64514.10642027244,96097.94798737639,14345.064408724193,68
323,46,179800,121142,2,4,3,3,2,2,180372.49082016095,59230.49082016095,34472.881984648215,8927.603536045635,92
324,62,22783,762978,3,2,4,2,4,4,943699.0092589443,180721.0092589443,162945.4469308312,44655.303808200995,11
325,76,50033,526509,1,0,3,1,3,4,672070.0931964287,145561.09319642873,151829.69290854473,38917.85007601338,38
326,34,35665,-4428,2,0,4,3,1,1,2214.0,6642.0,519.7754492047374,0.0,24
327,49,89618,290946,2,1,4,1,3,4,420151.73317180655,129205.73317180655,59719.35201690844,11577.791438001736,67
328,75,177048,88570,1,1,4,2,3,3,122720.73986404575,34150.739864045754,32814.024837612094,0.0,92
329,62,41044,136523,2,0,4,1,1,3,198155.59155140293,61632.59155140293,31306.090416612893,5235.478707769905,29
330,57,9776,40446,1,0,4,2,3,1,54793.03976249299,14347.03976249299,7525.09993137759,0.0,1
331,66,47582,1659796,4,3,4,4,1,2,2179474.7592265797,519678.7592265797,395095.1202126126,97560.91054628674,36
332,56,137417,573832,1,0,3,1,1,2,847293.7340089513,273461.73400895135,208529.16917319412,30508.607511605045,84
333,59,101732,39749,2,0,2,2,1,2,48131.09801066868,8382.098010668677,14106.822243404435,0.0,74
334,56,93204,16286,1,3,3,2,2,3,23726.08103060091,7440.081030600912,6212.822674064847,0.0,69
335,44,52891,67608,4,2,1,4,2,4,85811.13864629266,18203.13864629266,24719.586867043905,0.0,41
336,53,23784,231365,1,0,3,3,1,3,336548.364141239,105183.36414123903,43118.967084267635,14577.992161732409,12
337,78,99931,172872,4,2,3,1,1,4,214665.35908638116,41793.359086381155,24522.374525976174,12054.596130919092,73
338,40,33947,789929,4,0,3,1,3,3,1085414.3357307315,295485.3357307315,229609.5823088322,53371.84103736141,22
339,71,379753,394304,1,2,4,2,4,2,578220.1514693699,183916.15146936988,91393.18607031666,30405.987490913267,100
340,54,104443,516253,3,1,4,2,3,2,692843.4789991479,176590.4789991479,184026.84555483007,25767.643299826734,75
341,64,41584,196866,4,2,2,2,1,2,280331.27844149363,83465.27844149363,65708.97166162777,0.0,30
342,66,40574,15003,1,4,3,1,1,1,21625.346484806083,6622.346484806083,6361.001226231101,0.0,28
343,61,61429,89899,1,3,3,1,1,1,127741.82786082893,37842.827860828926,19283.711035299562,0.0,48
344,45,54633,591333,2,3,3,2,1,4,873753.00278858,282420.00278858,172266.36600383304,23842.154572692172,42
345,73,161694,111604,1,1,4,1,2,1,148885.34623888382,37281.34623888382,29814.007029971814,6422.322713437193,89
346,65,76813,256436,1,0,3,3,2,3,321041.8785353268,64605.8785353268,47461.34135814679,9113.006138467343,58
347,56,36853,74747,1,1,3,1,3,3,90768.52007357078,16021.520073570777,19789.232922698848,0.0,25
348,57,300244,-7717,1,2,4,1,3,4,3858.5,11575.5,727.9337954573491,0.0,98
349,41,68833,100206,1,3,4,4,1,4,127656.22730906875,27450.227309068752,24170.980429967716,4453.410783228473,54
350,61,122402,191677,1,0,2,2,1,2,238246.70038537594,46569.70038537594,41108.83193619677,0.0,80
351,73,40677,45092,3,3,4,3,3,1,61658.10739462908,16566.107394629078,6374.577105457941,0.0,28
352,36,88476,84662,2,2,3,1,1,2,106291.7526417059,21629.752641705898,21728.05881968251,0.0,67
353,38,84871,29460,1,4,2,2,1,1,35696.09610502346,6236.096105023462,5963.017402934373,0.0,64
354,61,14592,-193860,2,3,1,3,2,1,96930.0,290790.0,9718.586980130216,0.0,5
355,38,331777,77521,2,0,3,2,1,4,93862.1902571184,16341.190257118404,15167.073201121182,0.0,99
356,49,185816,1065690,4,0,3,3,1,2,1544686.5896137347,478996.58961373474,240547.34888340876,43047.911080669015,93
357,50,48158,1194360,1,0,2,2,3,2,1645153.2420354874,450793.24203548743,293971.8251732967,0.0,37
358,39,27396,-32030,1,0,4,2,3,1,16015.0,48045.0,2023.8219228278003,0.0,15
359,68,87382,26564,4,1,4,2,1,1,34730.45338784871,8166.453387848713,6999.463220235583,0.0,66
360,62,70923,5277,4,2,2,2,1,4,7748.052414462085,2471.052414462085,1847.8180704860233,0.0,55
361,58,87951,13252,2,3,1,1,3,3,16181.473648312505,2929.4736483125052,3657.6136006719275,0.0,66
362,48,77131,15355,2,1,4,2,1,2,22941.85362802073,7586.85362802073,5982.111034788042,0.0,58
363,60,99209,953318,1,0,1,2,2,2,1320238.2170705406,366920.21707054065,251375.54495368837,0.0,72
364,24,210627,143449,2,0,4,2,1,4,180034.12913027318,36585.129130273184,36694.25843511523,7147.803430541223,95
365,33,104243,216296,1,0,3,3,1,4,303619.1789496967,87323.17894969671,79572.63227553871,7691.665015333959,75
366,53,28574,4312,1,0,2,2,3,2,6161.9099976560165,1849.9099976560165,1143.2822238616513,0.0,16
367,50,196821,-5997,3,1,2,4,3,2,2998.5,8995.5,720.5991301347883,0.0,94
368,59,245853,456169,1,0,1,1,1,1,606158.6604442388,149989.6604442388,113303.4639740221,0.0,97
369,51,823768,185379,1,0,2,2,1,3,270373.377273958,84994.377273958,49626.28687132824,0.0,100
370,41,26935,96682,4,0,2,3,1,2,120390.33318067121,23708.33318067121,30343.315002644293,0.0,14
371,70,80362,281324,1,1,3,2,1,4,361121.91130871617,79797.91130871617,48739.67934696734,8887.612347162454,61
372,45,12510,-420720,4,1,2,2,4,1,210360.0,631080.0,35280.98901152589,0.0,3
373,45,103003,-25963,4,1,3,1,3,1,12981.5,38944.5,1880.168482117981,0.0,74
374,78,42678,133793,2,1,3,2,2,4,164304.18706002203,30511.187060022028,28231.072154894588,8407.512013073292,31
375,29,308277,160957,1,4,2,1,3,4,203331.07937719126,42374.07937719126,29701.5801963216,0.0,99
376,46,35607,4360792,1,0,1,4,3,1,5545264.407945488,1184472.4079454876,1197117.9255601526,0.0,24
377,55,17131,5171,1,1,1,2,3,4,7628.724369076848,2457.7243690768482,1980.6774474309611,0.0,6
378,45,45387,335989,1,2,1,3,1,1,411059.9988641437,75070.99886414368,105775.03269656461,0.0,34
379,40,13624,-30449,1,1,4,2,1,4,15224.5,45673.5,2632.318986954618,0.0,4
380,49,120677,-84641,4,3,2,2,3,1,42320.5,126961.5,12601.01695152962,0.0,79
381,42,12681,44978,1,0,4,2,2,2,59740.88318274084,14762.883182740843,13069.565164164089,0.0,3
382,67,67694,112033,2,1,3,3,4,2,152333.4666378278,40300.466637827805,27401.753172999226,6779.391189237085,53
383,21,12553,350499,1,0,3,3,3,4,515096.10499938106,164597.10499938106,137586.2161621878,22928.924936130734,3
384,56,51213,12856567,2,1,3,1,4,3,19275964.88425936,6419397.884259362,4741401.655952539,810212.1357620015,40
385,45,246397,405166,4,0,4,2,1,2,577773.3746908831,172607.3746908831,144359.6054549905,14470.395938986749,97
386,55,88302,33789,1,0,2,2,3,1,50387.41703410108,16598.417034101083,7015.332745777707,0.0,66
387,60,33163,63854,1,1,2,1,1,3,91702.6667150837,27848.666715083702,17759.584246146576,0.0,21
388,35,64539,61076,2,1,3,2,4,1,90939.76934999107,29863.769349991067,24768.86722230377,0.0,51
389,55,67131,-2446,2,0,2,3,1,1,1223.0,3669.0,245.58769666599403,0.0,52
390,28,96577,-22046,2,2,3,2,2,2,11023.0,33069.0,2609.0399181460475,0.0,70
391,31,22170,361943,1,1,3,3,3,4,511129.1065081542,149186.1065081542,111214.91938117688,16125.988178087277,11
392,62,106303,17830,1,0,3,2,2,4,21822.654562737778,3992.654562737778,5858.757695664915,0.0,76
393,46,7604,581126,4,1,3,2,2,1,767421.0811758918,186295.0811758918,120417.70557962294,21197.34403524761,1
394,71,39978,250612,4,2,3,1,4,2,349347.91154649144,98735.91154649144,75143.00844989682,18081.309981109727,28
395,52,44773,40080,1,1,4,3,2,1,52313.03935767792,12233.039357677917,6520.659943333241,0.0,33
396,44,109826,-29252,3,0,4,3,2,3,14626.0,43878.0,3481.604564001283,0.0,77
397,48,67380,1325741,1,0,3,2,1,1,1699620.0806952235,373879.0806952235,418775.4553669913,89282.26994773434,53
398,45,21494,362334,1,1,4,1,3,2,497564.2158172204,135230.2158172204,54019.28520674492,14521.024253768921,10
399,42,30091,122170,1,3,4,1,2,1,180817.77728302096,58647.77728302096,42520.78171853472,5749.987495532514,18
400,33,77570,84412,1,2,3,1,2,2,102180.26697217367,17768.266972173675,18692.65682989575,0.0,59
401,61,62115,135254,2,0,3,2,1,4,193517.27916113808,58263.27916113808,24154.70587954232,10594.547208185202,49
402,58,41635,55957,1,1,4,3,2,2,79280.89508926297,23323.895089262965,14586.218756180673,0.0,30
403,69,45041,5130,1,3,3,1,1,3,7639.524321672574,2509.524321672574,1060.7218702630805,0.0,34
404,52,115489,2579914,2,0,1,3,1,2,3816243.2737358524,1236329.2737358524,698799.5812340701,0.0,78
405,68,43732,152205,2,4,4,2,2,3,217450.68213178092,65245.68213178092,38460.024973067586,9087.851253303617,32
406,45,61668,219086,2,3,1,2,1,3,297107.48238577554,78021.48238577554,73587.08429153428,0.0,48
407,48,375475,-33162,4,0,4,4,1,1,16581.0,49743.0,4225.55363399128,0.0,100
408,71,21185,-12008,1,3,4,1,3,3,6004.0,18012.0,1329.3200081849636,0.0,9
409,64,15040,91227,2,0,4,4,1,2,115062.81482365029,23835.81482365029,12028.363866559497,0.0,5
410,64,123855,10947,2,2,1,1,1,4,14927.008622553018,3980.0086225530176,4272.17637975164,0.0,81
411,31,38448,3669734,2,1,3,2,1,2,5246272.270216424,1576538.270216424,1244660.5526755732,257093.4167353183,26
412,55,51298,18924,1,1,3,3,2,4,27793.693253987847,8869.693253987847,2969.45289455711,0.0,40
413,67,35421,25643,1,1,2,4,3,3,36846.775515655834,11203.775515655834,9718.947956000831,0.0,23
414,60,53753,62293,3,2,1,2,3,1,78400.72895815689,16107.728958156891,10980.275398923275,0.0,41
415,64,237715,832437,1,0,3,2,1,3,1148684.722907119,316247.72290711896,247936.9786195956,35985.87836048883,96
416,70,125706,123224,3,1,3,3,1,3,160148.32271318758,36924.322713187576,30960.974604888263,4990.8980518087355,81
417,34,131897,18878,2,0,2,3,1,4,22705.73537670017,3827.7353767001696,4177.123196276094,0.0,83
418,44,21311,-237407,2,0,3,1,2,2,118703.5,356110.5,32992.776515357284,0.0,9
419,72,26346,360952,3,0,4,3,4,1,454823.4441644372,93871.44416443718,85266.77821098673,24976.37916505097,14
420,58,6827,270398,2,1,4,2,1,1,333661.99119021144,63263.99119021144,38394.09277780652,17384.867007483546,1
421,23,34630,352780,1,0,4,2,1,1,512524.3357206761,159744.3357206761,148287.51053872958,22595.1696933663,23
422,26,142253,-1312665,2,0,3,2,1,1,656332.5,1968997.5,186468.68793151656,0.0,86
423,47,100063,3196740,3,0,4,2,2,2,4084001.182947299,887261.182947299,967444.9010745401,184233.65365583287,73
424,56,55425,43041,1,0,4,4,3,1,55325.305583666785,12284.305583666785,10709.789978210416,0.0,43
425,40,65001,1377564,1,1,2,2,2,4,2049789.0190780675,672225.0190780675,243047.36749920814,0.0,51
426,48,38135,214218,1,4,2,4,3,4,281423.7598914237,67205.75989142369,72649.4377205709,0.0,26
427,37,77948,254904,4,0,3,1,2,1,306617.82540461,51713.82540461002,35290.35733781521,14830.038694355671,59
428,52,122113,9524,1,3,3,3,1,1,12239.805215054581,2715.805215054581,1391.9130600409549,0.0,80
429,25,18165,93378,2,2,3,3,1,2,115395.58687123081,22017.586871230815,23941.903461804664,0.0,6
430,62,84096,35623,1,1,3,2,3,2,43846.304818414894,8223.304818414894,5788.836807675907,0.0,63
431,54,139517,417520,1,1,4,2,2,1,510729.7480132434,93209.74801324343,51862.590299486634,27884.021120773352,85
432,59,47473,601162,2,2,3,2,2,2,828387.9148828711,227225.9148828711,152939.20206059449,26150.621577789,36
433,26,115908,5368,1,0,2,3,3,3,6746.525574133524,1378.525574133524,859.8004698671749,0.0,78
434,44,628897,116651,2,1,4,3,2,1,152622.99995030338,35971.999950303376,20161.96883871191,5557.069715533988,100
435,74,60871,648743,2,2,2,1,3,2,946259.9877646007,297516.98776460066,109181.49079019314,0.0,47
436,48,90639,91124,3,1,4,3,2,4,120949.01659523875,29825.016595238747,17056.079224063214,0.0,68
437,65,36664,359905,1,2,2,2,3,1,530754.5686021004,170849.56860210036,129024.75629576677,0.0,25
438,51,76496,204178,3,0,4,1,1,1,275513.99875986244,71335.99875986244,72125.55929951054,15023.79262656219,58
439,40,95627,-60386,2,2,1,3,3,4,30193.0,90579.0,5751.969662835334,0.0,70
440,80,77332,80260,3,1,2,2,4,4,105915.18801211164,25655.18801211164,21321.867330677753,0.0,58
441,60,29267,19440,1,0,1,3,2,2,27704.268222792973,8264.268222792973,2951.363589723772,0.0,17
442,76,78048,22419,2,0,4,1,3,4,27394.953761783952,4975.953761783952,3119.2785312197866,0.0,59
443,36,213151,349419,4,1,4,1,3,3,428682.434131,79263.43413100002,64951.19533010411,15878.738483623356,96
444,30,94741,-37242,3,3,3,2,1,1,18621.0,55863.0,3887.6864984199037,0.0,70
445,61,142855,97951,1,1,4,1,2,3,136699.64317574038,38748.64317574038,33889.239946030524,0.0,86
446,54,54742,-19152,1,2,3,3,1,2,9576.0,28728.0,2116.3018630746005,0.0,42
447,50,120562,76283,1,1,3,1,4,4,102683.18952840887,26400.189528408868,18321.306723436246,0.0,79
448,62,82736,579758,1,0,4,2,3,1,833184.4694083694,253426.4694083694,103035.60293750832,33229.10722418598,63
449,46,30923,-21876,1,0,2,1,1,4,10938.0,32814.0,2801.819528639215,0.0,19
450,38,85375,16129,1,0,3,1,1,4,23788.359700654146,7659.359700654146,4109.610659969235,0.0,64
451,35,29930,-110360,3,0,4,3,2,2,55180.0,165540.0,13641.092103832067,0.0,17
452,53,39882,88670,1,0,4,1,1,2,116734.94731294084,28064.947312940843,23650.006347998904,0.0,27
453,36,76992,126385,2,2,4,2,1,2,174275.18436297018,47890.184362970176,43173.61154958046,8231.704432924238,58
454,70,83934,1344277,1,2,4,4,2,2,1815054.8882168387,470777.8882168387,510861.55953020434,107537.10732204112,63
455,62,25555,116909,1,0,2,2,2,1,174718.53604215034,57809.53604215034,49656.03934352113,0.0,13
456,65,153766,186050,1,0,4,3,1,3,269646.97619660833,83596.97619660833,55822.68265355412,9630.797611235324,88
457,72,104569,20570,1,0,3,1,3,3,30310.33339777955,9740.333397779548,6131.831154137863,0.0,75
458,58,37654,86724,2,1,4,1,4,1,110686.01692652404,23962.01692652404,16949.979918584402,0.0,26
459,42,19340,-90247,3,0,3,3,3,4,45123.5,135370.5,12957.662739602396,0.0,8
460,32,58928,-3508,1,0,3,3,3,1,1754.0,5262.0,336.038043853627,0.0,46
461,52,46316,162961,1,3,3,2,1,3,233320.70353349985,70359.70353349985,29286.005896398376,8376.952163383874,35
462,33,72439,140250,1,2,2,2,1,3,179469.7859417761,39219.78594177609,33478.470274973886,0.0,55
463,37,49489,128274,3,0,1,2,1,1,161961.67191989798,33687.671919897984,20311.71855827066,0.0,38
464,32,13280,571339,2,1,4,1,3,2,847455.6250174327,276116.6250174327,169920.2230163718,41210.350105862606,3
465,62,48500,199118,2,0,4,3,4,4,240094.75705440846,40976.75705440846,50961.337381438905,13993.048425392071,37
466,44,51818,-332081,2,2,2,2,3,1,166040.5,498121.5,27820.277103255128,0.0,40
467,51,109856,27163,3,1,4,2,3,3,40462.45600728292,13299.456007282919,4626.077565975542,0.0,77
468,36,37852,147840,1,0,3,3,2,2,184028.06365524753,36188.06365524753,53129.03210841772,9839.312917781783,26
469,41,253454,136858,1,2,3,2,2,4,197873.59709941893,61015.59709941893,50392.59218854217,7275.574085826243,97
470,63,14338,24248,4,0,2,1,2,3,31104.77102003861,6856.77102003861,8329.117886434733,0.0,4
471,28,188892,-151822,2,0,4,3,1,4,75911.0,227733.0,13160.969335732392,0.0,94
472,62,55300,3941255,2,0,4,3,1,2,5144168.190449397,1202913.190449397,1297185.375631521,182073.9838514511,43
473,67,131619,117534,2,1,3,2,3,3,148683.72025275545,31149.720252755447,29301.78157799684,7103.34642700638,83
474,61,70533,-77154,1,0,3,1,2,2,38577.0,115731.0,5409.139546448007,0.0,54
475,38,164661,136868,2,0,1,1,2,1,188283.0407898901,51415.0407898901,23513.666428876353,0.0,90
476,45,48538,41341,2,0,3,2,2,1,53926.385408856906,12585.385408856906,9114.107773830161,0.0,37
477,36,27476,7854,1,0,2,2,1,4,10973.749479657325,3119.7494796573246,1399.2674303109484,0.0,15
478,46,206159,41828,2,2,2,3,2,2,50389.94880446422,8561.94880446422,15099.539401248006,0.0,95
479,56,60428,14943,3,0,4,4,2,2,18220.186165309573,3277.186165309573,2001.2651283931648,0.0,47
480,58,79003,1553705,1,0,4,3,2,4,1910899.2093912915,357194.2093912915,359686.1119916085,114680.77558275481,60
481,57,177691,101451,1,2,3,2,3,4,134493.39851052247,33042.39851052247,25610.058705227395,7526.535345635966,92
482,42,28982,71762,1,2,2,3,2,4,103655.82088272757,31893.820882727567,16598.031956410978,0.0,17
483,37,106552,457590,2,2,3,2,2,1,671034.3990030133,213444.39900301327,143782.75080301947,16210.087886039095,76
484,70,41277,22412,1,1,4,1,3,4,28540.40949187347,6128.40949187347,3710.122085918884,0.0,29
485,59,59531,38166,2,0,4,1,3,1,52375.61846859186,14209.618468591863,13449.140998547693,0.0,46
486,69,70110,133533,3,2,4,2,3,4,191020.2247707663,57487.224770766305,31802.870049915084,6865.934922421072,54
487,62,19926,564194,1,2,3,4,1,2,725919.5494152191,161725.5494152191,158445.38420885365,30035.486967779863,8
488,29,35487,255896,4,0,4,1,1,2,338474.23313995963,82578.23313995963,82292.51164052208,20185.273104392916,24
489,69,195020,174990,4,3,2,1,1,4,237495.07371839194,62505.07371839194,65978.13202775521,0.0,94
490,48,134450,135560,1,0,2,4,1,4,168157.09025372248,32597.090253722476,44924.42570225623,0.0,84
491,73,62936,219773,1,4,3,1,4,1,265440.6619916988,45667.661991698784,58838.05642223703,14043.472890195428,49
492,43,80378,163158,4,3,3,3,2,3,203269.04707102574,40111.047071025736,36116.567040206115,8217.015547382245,61
493,83,52292,25720,4,2,4,2,1,1,35700.80254159226,9980.80254159226,7163.042367029899,0.0,41
494,53,195881,129200,1,3,4,1,1,2,157893.4438170455,28693.44381704551,40064.98116341735,4044.3339434669306,94
495,49,56371,24087,1,2,2,4,1,4,30275.164902043514,6188.164902043514,8341.08369221261,0.0,44
496,64,79656,136165,1,0,2,1,2,2,177199.1623037103,41034.1623037103,21397.930377405046,0.0,61
497,30,165516,58631,4,1,3,2,3,3,71726.87992210397,13095.879922103966,12693.595777632192,0.0,90
498,35,35528,5438818,1,0,2,1,3,1,6839366.833974234,1400548.8339742338,1745565.907894662,0.0,24
499,61,230275,113568,2,0,3,1,4,2,167328.92621858383,53760.92621858383,31178.457808899697,6617.523093107275,96
500,55,19450,14671,3,2,4,1,1,1,17690.14127067063,3019.1412706706287,2944.4453431413813,0.0,8
501,32,243704,98590,1,0,4,1,1,4,137634.5560213051,39044.55602130509,25085.898953881828,0.0,96
502,72,49112,262770,2,0,4,1,1,2,345627.340432975,82857.34043297498,76234.65934844884,9145.394205924542,38
503,58,54493,1483694,1,1,4,3,2,3,2079834.269641012,596140.269641012,623869.2273106715,106414.2397508566,42
504,50,14588,49802,3,3,3,2,4,1,68557.80751726148,18755.807517261477,13615.476764129278,0.0,4
505,31,45989,11230,1,0,2,2,2,1,14228.967303420797,2998.967303420797,2016.2289437556917,0.0,35
506,61,28800,410551,2,0,3,2,3,3,597008.0106998227,186457.01069982268,79144.94306131253,27763.894430791137,17
507,28,40695,15200,2,0,3,4,2,2,20483.248144698664,5283.248144698664,2221.8168917548105,0.0,28
508,63,59287,62678,1,2,4,4,1,2,90680.07377803758,28002.07377803758,19202.724995970228,0.0,46
509,36,142376,81925,1,0,2,3,1,1,108288.77310816596,26363.77310816596,22623.08604207135,0.0,86
510,81,78126,108613,1,2,3,3,2,3,162420.49562021875,53807.495620218746,22908.888783170172,5759.25406925535,59
511,43,84638,338997,1,0,3,2,3,1,485154.47431915917,146157.47431915917,115983.88196514554,17444.968331614877,64
512,50,27545,-12972,3,0,4,2,1,1,6486.0,19458.0,1609.964054402022,0.0,15
513,58,32708,79969,3,3,3,2,3,4,119136.62158579422,39167.621585794215,18087.27912821282,0.0,21
514,41,279003,118018,1,0,4,2,3,2,159831.5347163951,41813.53471639511,26982.75214772395,8835.647501924746,98
515,70,36748,-45271,2,1,4,2,2,2,22635.5,67906.5,6747.514307883265,0.0,25
516,54,248939,-41888,2,0,2,2,3,4,20944.0,62832.0,3662.119002933155,0.0,97
517,25,54477,231887,3,1,3,4,2,2,311217.2446780481,79330.24467804813,78476.64447388216,10301.097075170428,42
518,29,66292,427521,1,1,4,3,3,2,609916.9104049631,182395.91040496307,116216.66973487666,18148.69316099244,52
519,71,155794,217281,1,0,3,2,3,2,318118.36977564637,100837.36977564637,82287.34963937954,16721.91787009072,89
520,46,183049,238083,1,0,4,3,4,3,354563.6170551179,116480.61705511791,89989.89393395523,16775.87382758897,93
521,49,60557,11233,2,0,2,1,1,4,14573.30746813892,3340.3074681389207,3403.613520598008,0.0,47
522,46,48504,130006,1,2,1,1,2,1,187158.11604809584,57152.116048095835,50711.55259108708,0.0,37
523,40,63276,247523,1,2,4,2,1,3,312669.4890790623,65146.4890790623,89999.94229330857,17581.87543363856,50
524,50,86713,359838,1,1,4,2,1,1,490701.1145352563,130863.11453525629,105989.80380506489,14307.047587071023,65
525,46,135001,42679,2,1,4,1,3,4,53517.52173778687,10838.521737786868,7893.501654647044,0.0,84
526,80,66395,44866,1,0,4,3,4,4,58515.09900968721,13649.099009687212,10516.672532715093,0.0,52
527,48,108565,-15288,1,0,4,2,2,4,7644.0,22932.0,1923.6977748191223,0.0,76
528,35,245410,-80874,1,0,4,2,1,2,40437.0,121311.0,9307.655097590781,0.0,97
529,57,89773,-170561,1,0,4,1,1,3,85280.5,255841.5,11560.59624240274,0.0,68
530,55,84907,65434,2,0,3,1,2,4,96803.55101993623,31369.551019936232,10672.389009114833,0.0,64
531,32,19631,470684,1,1,3,3,1,1,585449.5664795986,114765.56647959864,138512.87042024342,17492.876521533897,8
532,63,8066,145105,1,1,4,2,1,2,201655.35956657783,56550.35956657783,30291.822130710396,4542.000891310768,1
533,44,90282,100064,2,3,3,4,3,2,137876.81290986232,37812.81290986232,27566.26943323743,4187.88607742194,68
534,33,61337,87809,1,0,3,4,1,3,108551.37420390702,20742.37420390702,27067.215088105593,0.0,48
535,53,43834,369504,1,1,3,2,2,3,479539.9681766253,110035.96817662532,101918.23883565897,25388.444172520496,32
536,48,80404,196489,3,2,3,1,3,3,268972.70185221004,72483.70185221004,31378.494355390638,8252.915443227452,61
537,22,63049,-1098839,1,1,3,3,1,2,549419.5,1648258.5,75334.23018070051,0.0,49
538,77,163117,33579,1,0,1,4,2,4,42180.38115336736,8601.381153367358,6068.30739535675,0.0,89
539,43,70890,262275,1,0,4,2,3,1,377725.0708457013,115450.07084570132,57252.86577988472,17429.52818524231,54
540,46,36404,54513,1,0,3,3,3,4,81314.15034128034,26801.150341280343,17326.474317434666,0.0,25
541,48,146112,32730,2,0,3,3,2,1,41384.72254823151,8654.722548231512,8309.769049198558,0.0,86
542,60,55619,118622,2,2,2,2,1,4,148997.96132621632,30375.96132621632,20953.882440466237,0.0,43
543,63,100833,148157,2,0,1,2,3,3,198008.9446296882,49851.944629688194,22476.1871144257,0.0,73
544,56,45164,9599872,1,0,2,3,3,1,13673381.68397665,4073509.6839766502,1836149.7613393352,0.0,34
545,22,39345,91471,1,2,4,2,1,2,117492.6868256486,26021.686825648605,34880.78973866855,0.0,27
546,31,70780,22130,3,2,1,1,1,1,26687.982713841244,4557.982713841244,5169.712850715695,0.0,54
547,60,66853,181591,4,1,4,2,1,2,247393.4385195364,65802.4385195364,67654.4612104973,7734.943690816772,52
548,50,97135,5367,1,2,2,1,1,4,7980.622574162142,2613.622574162142,2152.7768764908487,0.0,71
549,50,53374,105036,1,0,2,1,2,3,138372.64673535718,33336.64673535718,27993.32767814301,0.0,41
550,58,15228,123505,1,0,2,4,1,1,163772.61543431514,40267.61543431514,39524.48040540471,0.0,5
551,57,46806,397082,1,0,1,1,1,2,591918.429490523,194836.42949052295,82010.53640597902,0.0,35
552,64,124873,519401,1,1,4,1,3,4,731515.1664259604,212114.16642596037,173866.04267693404,25847.79593640384,81
553,50,52161,56649,1,3,4,2,1,3,80200.91107712506,23551.911077125056,12389.189391767546,0.0,40
554,49,54333,96189,2,0,3,2,3,3,131664.5229583913,35475.52295839129,35077.06410401795,0.0,42
555,48,145670,-11462,2,1,2,2,3,3,5731.0,17193.0,669.0646013694326,0.0,86
556,56,37437,-6660,1,0,2,1,1,4,3330.0,9990.0,847.9103561415947,0.0,26
557,65,19259,191921,1,1,3,1,3,4,286419.5923074252,94498.59230742522,34366.73683791237,15192.10449210437,8
558,52,58191,17847,3,0,4,1,3,4,25104.66004426287,7257.66004426287,6934.857249805297,0.0,45
559,75,44921,64735,1,0,2,2,2,3,95063.98355254819,30328.98355254819,15290.177016974187,0.0,33
560,46,30546,27098,2,2,4,1,1,1,38203.13055109165,11105.13055109165,8820.288084787284,0.0,19
561,78,57509,-82499,1,1,3,4,2,2,41249.5,123748.5,8146.795048389446,0.0,45
562,33,98047,1797927,2,1,2,2,4,4,2554017.776882346,756090.7768823458,442510.7266338206,0.0,71
563,41,65681,17113,1,0,3,1,2,1,22026.54063318608,4913.5406331860795,5046.024216313487,0.0,51
564,25,84591,7483,1,0,1,3,1,2,9660.879329171223,2177.8793291712227,2796.8689682615545,0.0,64
565,31,282300,99974,1,0,4,2,3,3,143452.23220701417,43478.23220701417,15529.270697403232,0.0,98
566,60,50296,123444,1,2,2,2,2,1,159120.78334808673,35676.78334808673,45153.79557675791,0.0,39
567,51,82675,-50212,1,4,4,1,2,3,25106.0,75318.0,5568.920806191513,0.0,63
568,62,44030,61729,2,1,1,2,3,2,84496.57011015233,22767.57011015233,22092.7148941874,0.0,33
569,47,33621,89236,1,0,4,3,2,4,113758.56084482114,24522.560844821142,20109.668533893342,0.0,21
570,30,41442,209245,1,2,2,4,3,3,302378.9062552181,93133.90625521808,58772.96315664301,0.0,30
571,45,45116,574150,2,1,4,1,3,1,708013.3052422134,133863.30524221342,193832.90903320615,24252.43277583932,34
572,71,88219,6421,2,1,4,2,2,4,9302.963062172894,2881.963062172894,1702.1593741289294,0.0,66
573,42,433332,69327,4,0,4,2,1,1,95728.03466393716,26401.034663937156,19809.18537422612,0.0,100
574,52,37315,166161,2,2,3,4,3,2,208710.32256492059,42549.322564920585,21714.010038713037,8111.735990125372,25
575,57,47415,30425,1,1,4,4,4,2,41457.427981207096,11032.427981207096,5460.75587911945,0.0,36
576,21,62912,1618085,2,2,3,1,1,4,2078834.1391260386,460749.13912603864,474675.3777915212,72901.78252015276,49
577,48,90820,46485,4,2,2,1,2,1,60292.91371648414,13807.913716484138,14675.01665815972,0.0,68
578,50,81702,113330,3,0,3,2,1,1,147947.60188625235,34617.60188625235,32033.64247941539,4021.0899850389574,62
579,45,184845,277626,1,2,2,1,3,1,338424.9207779813,60798.920777981286,43542.42961245077,0.0,93
580,44,9498,49665,1,2,4,2,3,1,74288.33611673892,24623.336116738923,14046.519248955963,0.0,1
581,62,9803,-2266,1,0,1,1,1,2,1133.0,3399.0,193.7644740578988,0.0,1
582,32,44502,-19016,2,0,3,2,3,1,9508.0,28524.0,1893.349611817124,0.0,33
583,72,159187,564762,2,0,3,4,1,2,683057.2678957939,118295.26789579389,187202.6412921601,30776.53977490445,89
584,72,18910,72740,2,1,3,4,3,1,101745.00676662732,29005.006766627324,25962.506141920683,0.0,7
585,67,5966,33872,1,0,4,2,2,1,44418.66686545191,10546.666865451909,5188.007023025283,0.0,1
586,24,104500,483355,2,1,2,2,1,3,673701.6912541625,190346.69125416246,187330.73158138833,0.0,75
587,40,80412,-22023,3,0,3,3,1,3,11011.5,33034.5,2140.1227969772563,0.0,61
588,66,27662,56092,1,3,2,1,1,1,73305.20310365662,17213.20310365662,18236.313432763614,0.0,15
589,62,30078,150871,2,0,4,2,3,2,211540.0301255161,60669.03012551609,27078.783652634644,7382.80195338567,18
590,65,30461,383128,1,0,4,2,2,1,543570.7626814782,160442.76268147817,127273.78109493571,24805.374970558583,18
591,45,72289,-1287995,3,1,4,1,1,3,643997.5,1931992.5,94838.42290508938,0.0,55
592,51,40092,417005,3,1,1,2,1,1,586795.1711429562,169790.17114295624,110127.47582701876,0.0,28
593,52,98248,686773,2,0,2,1,1,3,847607.4035469847,160834.40354698466,87619.359060027,0.0,72
594,36,6743,56446,2,0,2,2,3,1,78858.8986569955,22412.8986569955,10277.05945207592,0.0,1
595,52,33340,25879,3,0,1,1,3,4,33228.53933769678,7349.539337696777,3934.793991368221,0.0,21
596,50,26880,132388,1,2,2,2,1,1,160009.48675407987,27621.486754079873,23673.217088234407,0.0,14
597,37,53902,141599,1,2,4,1,2,2,187540.6824926412,45941.68249264121,22505.56042221849,10036.498512689599,42
598,73,43026,23914,2,1,2,3,1,3,31807.124928135032,7893.124928135032,7582.246223957031,0.0,32
599,48,125276,-27808,1,2,3,2,4,4,13904.0,41712.0,1471.1541600633973,0.0,81
600,40,14950,219471,1,2,4,2,4,3,294124.55226629844,74653.55226629844,65750.98485924715,12556.481454503613,5
601,58,68623,207024,3,0,4,2,3,3,292203.45540475426,85179.45540475426,37443.4084144235,6543.991604310441,53
602,44,103431,-77069,2,4,3,2,4,2,38534.5,115603.5,11137.714834324335,0.0,74
603,59,292236,-55964,1,2,3,1,3,1,27982.0,83946.0,8020.167670751987,0.0,98
604,63,45007,56358,1,0,3,3,3,2,72851.3458186952,16493.345818695205,10570.775482858187,0.0,34
605,65,85782,55778,1,0,2,1,2,1,72209.31493797318,16431.314937973177,16094.319699394333,0.0,65
606,56,15629,19961,1,0,3,1,1,4,24315.805076049543,4354.805076049543,2567.7748854819133,0.0,5
607,78,9763,1753567,1,0,3,3,1,2,2465596.5057791886,712029.5057791886,706042.56575233,106873.10097277259,1
608,79,130068,-36908,2,2,4,1,1,2,18454.0,55362.0,3775.641557073962,0.0,82
609,53,65877,-25815,1,1,4,2,2,3,12907.5,38722.5,1402.3305653849966,0.0,51
610,77,169873,29935,1,2,3,2,1,2,41021.36221381396,11086.362213813962,6912.099475664507,0.0,90
611,54,22054,-2956492,1,2,3,2,1,1,1478246.0,4434738.0,170545.08191970442,0.0,10
612,37,100300,24100,4,1,2,3,2,2,31446.34356477609,7346.343564776089,5615.96752495821,0.0,73
613,34,295095,63368,1,2,4,2,1,2,89447.52456481048,26079.524564810476,20929.40304589876,0.0,98
614,62,92574,224977,1,0,3,2,2,4,306240.34030434454,81263.34030434454,59403.88309927198,7372.392013396041,69
615,61,82558,296653,1,0,2,3,4,1,397744.47627819993,101091.47627819993,70299.12271184426,0.0,62
616,69,66625,-152196,2,1,2,1,3,3,76098.0,228294.0,9423.322570307659,0.0,52
617,64,18831,1814667,2,0,2,2,3,1,2455965.5327015715,641298.5327015715,365908.92403744423,0.0,7
618,34,195723,257618,1,0,4,2,2,4,358322.01940051455,100704.01940051455,43008.91095841401,15667.76416864668,94
619,39,40591,24734,1,3,2,2,2,1,34578.151326464445,9844.151326464445,9042.177800476868,0.0,28
620,58,99070,82008,1,2,3,4,1,1,105518.65584962758,23510.655849627583,13405.930558219312,0.0,72
621,81,18950,191328,2,0,3,3,3,2,237672.04386927077,46344.04386927077,52067.92536552789,12293.110506688765,7
622,81,25756,2682712,2,2,3,1,1,2,3345315.719246994,662603.7192469938,563846.5505646957,107009.0393910524,13
623,61,208578,14813,1,2,4,1,1,1,20616.98915786435,5803.989157864351,2993.4976970559583,0.0,95
624,43,50119,732240,1,0,4,1,3,1,1070433.8204310362,338193.8204310362,243945.11098922472,51965.10119700149,38
625,39,211635,157924,1,0,3,1,1,3,208909.58707843287,50985.58707843287,39985.39145700866,11931.830415935003,96
626,39,62156,423685,1,3,1,1,2,4,529968.9447387565,106283.94473875652,95409.82868163454,0.0,49
627,34,15161,103466,2,0,3,2,1,2,147643.9902265416,44177.99022654159,32270.60614587271,7310.322791450023,5
628,77,135084,34076,1,0,3,3,1,2,49401.57339909514,15325.573399095141,9794.03610139915,0.0,84
629,41,41278,-111562,1,1,3,3,1,2,55781.0,167343.0,8963.830527442922,0.0,29
630,43,115722,321787,1,2,4,1,1,2,471152.39478736994,149365.39478736994,99795.85239143885,14562.618549538764,78
631,75,67519,518183,4,0,2,2,3,1,716154.5190986415,197971.51909864147,167508.33813524168,0.0,53
632,25,19254,118189,3,0,3,2,3,1,172345.3943116555,54156.39431165549,18154.62801958054,7012.407549896855,8
633,62,75465,49033,1,0,2,3,2,3,59066.35249728023,10033.352497280233,11410.10400136365,0.0,57
634,41,383455,11635,1,5,4,3,3,2,14336.306566076522,2701.3065660765224,1599.023706913236,0.0,100
635,51,98163,412115,1,0,2,4,1,2,505983.5957619527,93868.59576195269,69461.97591213098,0.0,71
636,73,63195,227711,1,1,4,2,1,1,321933.57757689885,94222.57757689885,68282.67416265399,17247.00362187418,50
637,33,156416,28320,1,3,1,2,1,3,34575.166832986244,6255.166832986244,9447.241934136791,0.0,89
638,39,78318,-16125,2,0,3,1,2,1,8062.5,24187.5,2229.7741576914314,0.0,59
639,30,78247,59865,2,4,4,2,2,2,80752.45594730864,20887.45594730864,9204.875714230451,0.0,59
640,63,27631,13036,3,3,2,1,2,2,17491.8621391868,4455.8621391868,3215.371892150492,0.0,15
641,41,79784,35364,1,3,4,2,3,4,45733.11582213409,10369.115822134088,9905.852184673848,0.0,61
642,76,151502,22010,3,0,3,2,2,4,32159.285337127687,10149.285337127687,4161.861138700494,0.0,88
643,43,33899,64944,2,1,3,1,2,4,81253.38415886834,16309.384158868343,20564.130006834257,0.0,22
644,60,206818,39813,1,2,3,1,4,3,51985.38025058608,12172.38025058608,12936.40860620922,0.0,95
645,31,61490,-3151,1,4,3,1,1,1,1575.5,4726.5,442.192753419011,0.0,48
646,54,32525,2505215,1,0,3,1,2,2,3588097.816328983,1082882.8163289828,364899.509918087,115323.15410521884,20
647,60,146987,789228,1,2,3,1,3,2,954276.6427031949,165048.64270319487,136783.00684642058,56036.28590554484,87
648,47,52604,37476,1,0,4,1,2,3,52537.046759889876,15061.046759889876,13945.294093082213,0.0,41
649,43,121492,181431,2,0,3,1,1,2,262153.15676745184,80722.15676745184,61374.25111465707,5528.8841269970435,80
650,49,52396,225527,1,1,2,1,2,2,333707.8706668966,108180.87066689658,93063.77379144974,0.0,41
651,33,63078,719728,4,2,2,4,2,1,1052882.1685402966,333154.1685402966,117328.90458567206,0.0,50
652,56,98208,-10594,1,1,1,2,2,4,5297.0,15891.0,1162.1236252799995,0.0,71
653,54,83509,620425,4,1,2,1,1,4,803956.1672059618,183531.16720596177,171893.3173832359,0.0,63
654,20,13407,53005,1,5,4,2,4,3,72930.06939324693,19925.06939324693,7813.354471472135,0.0,4
655,57,26984,16255,2,0,4,3,3,4,19882.921719348247,3627.9217193482473,4030.3560232164327,0.0,14
656,56,139180,357254,1,1,2,2,2,4,456342.3270742621,99088.32707426208,101264.2161598661,0.0,85
657,61,59533,835794,1,0,4,1,3,3,1026577.9496468683,190783.94964686828,141933.2658754549,25226.214615360786,46
658,44,43521,-1754844,3,0,3,2,3,3,877422.0,2632266.0,135707.2778968816,0.0,32
659,57,22317,19938,1,2,4,3,1,4,25810.86125732692,5872.86125732692,5886.669428090365,0.0,11
660,29,27895,-103198,2,3,4,3,1,1,51599.0,154797.0,9992.672119042049,0.0,16
661,70,13128,65205,2,1,4,2,2,3,95365.97467607292,30160.974676072918,25901.65921548444,0.0,3
662,57,61021,390443,1,2,1,3,3,2,509196.2587148849,118753.25871488493,85787.52873230327,0.0,47
663,48,40996,13283,1,0,2,3,1,3,18178.707750650385,4895.707750650385,2787.3763748105134,0.0,29
664,42,30538,18139,2,0,1,2,4,2,24125.128561187074,5986.1285611870735,7164.516341389453,0.0,19
665,56,62661,-11296,1,1,4,2,2,3,5648.0,16944.0,1594.018965938942,0.0,49
666,61,88537,135733,2,0,2,2,2,3,181566.63497779207,45833.63497779207,19209.486527426005,0.0,67
667,34,353118,46091,3,0,4,3,1,4,68715.76363235964,22624.763632359638,17463.817434056327,0.0,99
668,71,19741,324026,1,1,2,1,1,4,417619.72432009946,93593.72432009946,50977.5679975703,0.0,8
669,53,167293,562609,1,0,4,4,3,4,781012.3177421886,218403.31774218858,82394.48691767539,38249.30087558231,90
670,47,144131,296370,2,0,2,1,4,1,392992.1920149782,96622.19201497821,60811.259354355,0.0,86
671,27,35480,1367071,1,1,2,2,2,4,1665562.5512613123,298491.5512613123,256278.73702627802,0.0,24
672,73,77853,-67492,1,1,2,3,4,4,33746.0,101238.0,8904.346190832133,0.0,59
673,47,45884,19431,1,3,3,1,3,3,26169.65621678716,6738.65621678716,6336.549123849701,0.0,35
674,53,76768,931978,2,1,2,2,2,3,1345779.0267350406,413801.0267350406,398783.7786232678,0.0,58
675,50,221306,48643,1,1,4,1,3,1,59812.69219667501,11169.692196675009,14492.769639730363,0.0,96
676,26,107418,472421,1,3,1,2,2,2,576768.1950416435,104347.19504164346,105924.1196076913,0.0,76
677,67,99397,-383321,2,2,3,1,2,3,191660.5,574981.5,45957.414992118145,0.0,72
678,53,46899,-71758,1,0,4,2,1,3,35879.0,107637.0,10759.818374316184,0.0,35
679,40,20186,12781,1,0,1,2,3,2,15926.269338643902,3145.2693386439023,3854.6091119328803,0.0,9
680,54,56006,30414,4,2,4,4,1,1,43471.3394963383,13057.339496338303,10969.395712404174,0.0,44
681,41,173735,-263061,2,1,4,4,3,3,131530.5,394591.5,37837.77392609648,0.0,91
682,50,19501,-28066,3,2,1,1,3,4,14033.0,42099.0,1722.2736299973706,0.0,8
683,60,28450,135857,1,2,2,3,1,1,192536.3522711255,56679.35227112551,46392.95462679411,0.0,16
684,40,73204,376335,2,1,3,1,1,2,515392.78861838434,139057.78861838434,139239.12991183432,25618.018790990503,55
685,51,30099,342656,1,4,4,1,2,2,459319.3760162295,116663.37601622951,133604.85422896358,23797.06836403578,18
686,72,35100,-54952,1,1,3,1,2,4,27476.0,82428.0,3906.9184408237306,0.0,23
687,40,47151,88167,1,0,3,4,1,4,129296.70663146582,41129.706631465815,25960.942878108035,0.0,36
688,40,22192,-22629,1,2,4,4,2,4,11314.5,33943.5,2671.477564734698,0.0,11
689,46,30354,-130989,3,0,2,1,1,1,65494.5,196483.5,9791.005041965069,0.0,18
690,27,116162,276607,1,2,4,1,1,2,395550.59548713244,118943.59548713244,87058.53927521511,21160.806677386547,79
691,76,23251,81965,2,4,4,1,1,4,118323.25398838574,36358.25398838574,17927.837339544563,0.0,12
692,35,18429,611193,2,2,3,2,1,4,882549.6677248231,271356.6677248231,147113.44330662527,21938.965622018746,7
693,77,39973,99354,2,1,4,2,3,2,138381.75605777706,39027.756057777064,26057.802116880554,0.0,28
694,31,118843,33607,1,1,4,1,4,3,44946.149243815795,11339.149243815795,9251.626355704142,0.0,79
695,51,56526,38620,2,0,2,3,2,1,56362.156441457344,17742.156441457344,10701.66155534345,0.0,44
696,56,45630,27774,1,0,3,2,2,3,41044.479004953806,13270.479004953806,8153.038531949968,0.0,34
697,55,68561,80128,1,1,3,4,1,4,96725.85919026136,16597.859190261355,15448.836718333467,0.0,53
698,65,16373,767264,4,2,1,2,2,1,932583.6594845271,165319.65948452707,122908.01577123806,0.0,6
699,50,98298,36039,1,2,4,2,1,3,53612.44490318495,17573.44490318495,5868.954100438943,0.0,72
700,45,89926,159965,1,0,2,3,2,2,205258.79927807598,45293.79927807598,28571.151380345796,0.0,68
701,60,47693,45024,3,1,4,3,4,4,65825.57569523263,20801.575695232634,14243.912614382913,0.0,36
702,60,147966,81596,1,2,3,1,1,1,107432.43795803239,25836.437958032388,27634.103610595408,0.0,87
703,49,26849,12518,2,1,1,2,3,1,15468.868356346175,2950.8683563461746,2070.500596529019,0.0,14
704,69,163133,86611,1,1,4,4,1,1,106023.3798039992,19412.379803999196,12904.219165777626,0.0,90
705,49,74876,90169,1,2,4,1,2,1,112436.44822565571,22267.44822565571,28093.154188541303,0.0,56
706,52,50552,-81345,1,2,3,1,1,4,40672.5,122017.5,6549.5604397555835,0.0,39
707,60,65127,168538,1,1,2,2,2,4,214880.5497829668,46342.54978296679,62379.79950216829,0.0,51
708,68,60729,19978,1,3,2,3,1,2,26901.485902449014,6923.485902449014,6533.391553493089,0.0,47
709,38,175646,613108,2,0,3,3,2,2,864757.7924460259,251649.79244602588,142988.74686105712,25504.83250866896,92
710,41,27963,165289,2,5,2,4,2,2,247259.0502926036,81970.05029260361,39044.317996976824,0.0,16
711,65,35953,162363,4,0,3,2,1,3,216340.9078081979,53977.907808197895,44293.56764154444,12207.464462332626,24
712,65,151606,118922,1,0,4,1,3,2,161193.4769139982,42271.476913998195,18670.86854319374,4621.52415557419,88
713,64,41092,55457,2,3,3,2,4,4,75229.90000548336,19772.90000548336,9293.548456408305,0.0,29
714,36,136002,167159,2,0,4,3,2,3,227642.19222870236,60483.19222870236,30770.75394757284,10716.80810694171,84
715,52,257699,246072,4,2,4,1,1,4,333506.84369250276,87434.84369250276,85025.80843667389,13908.764567302174,97
716,29,47981,8774,1,2,3,1,1,3,10551.89691027398,1777.8969102739793,2139.623667346078,0.0,36
717,33,114129,53737,2,3,4,1,3,2,64512.20602971496,10775.206029714958,6587.562283284727,0.0,78
718,69,26292,82255,3,5,3,2,2,2,101116.06289923927,18861.062899239274,23732.274201033324,0.0,14
719,77,121029,-53118,1,0,4,3,2,2,26559.0,79677.0,4906.457491008828,0.0,80
720,60,77616,722134,3,2,2,2,1,3,888562.042878218,166428.042878218,179641.00849210206,0.0,59
721,51,96609,37887,1,0,2,4,2,4,53476.32875687111,15589.32875687111,7637.663000674387,0.0,70
722,42,39479,57128,2,1,4,1,1,1,72065.5329316722,14937.532931672205,15159.44936345657,0.0,27
723,25,17520,55893,4,2,3,4,4,4,82074.07663713164,26181.076637131642,24280.027271485043,0.0,6
724,77,98972,36232,2,0,4,3,3,2,53571.97935997037,17339.97935997037,6144.113430129048,0.0,72
725,66,12698,-21487,1,1,4,2,1,3,10743.5,32230.5,1684.4033166589622,0.0,3
726,39,51334,-114947,1,1,1,4,2,3,57473.5,172420.5,8540.53443065738,0.0,40
727,57,140497,24816,4,1,3,1,1,2,37044.530721967385,12228.530721967385,5545.931587805916,0.0,85
728,30,77150,229055,1,4,3,3,2,3,339396.3804872689,110341.3804872689,59645.95145376819,7824.446382561099,58
729,53,314479,9387,1,0,3,3,3,2,12030.064703354758,2643.0647033547575,3171.3891993194693,0.0,99
730,65,150254,51947,2,1,4,3,2,4,70280.813325544,18333.813325544004,19859.371568951952,0.0,87
731,51,39217,73553,1,3,2,2,1,3,92135.17182686868,18582.171826868682,12939.741548490425,0.0,27
732,56,67632,1487027,1,1,3,1,1,1,2144089.0574706295,657062.0574706295,447235.5098888441,65820.5483712966,53
733,39,63710,79841,1,0,4,2,3,3,117089.18273112293,37248.18273112293,26623.71429974195,0.0,50
734,74,18662,4438,1,1,2,2,2,2,6459.005960640711,2021.0059606407112,1319.9979495325035,0.0,7
735,67,31184,-1803,2,0,4,3,2,1,901.5,2704.5,168.4139738737046,0.0,19
736,47,42251,126886,2,0,3,3,1,2,168759.65959570397,41873.65959570397,23355.510163474006,7107.977452766433,31
737,42,12978,-90824,2,2,4,4,1,3,45412.0,136236.0,8975.403507991165,0.0,3
738,73,68733,211754,3,1,2,1,4,1,302300.4689333894,90546.4689333894,54487.53300537169,0.0,54
739,59,54216,-46508,3,3,2,3,2,1,23254.0,69762.0,6025.4060863255545,0.0,42
740,51,17355,689270,2,2,3,4,2,3,847301.5182641506,158031.5182641506,214130.778400801,50053.06824633332,6
741,30,91433,53670,1,2,1,3,2,1,65051.98105174056,11381.981051740557,8248.574039323958,0.0,68
742,42,117324,461559,2,0,4,1,3,4,658169.7138455813,196610.71384558128,77469.08328362137,30175.307886402956,79
743,70,79350,10425,1,1,1,1,1,1,13840.298620462958,3415.298620462958,3897.854215570217,0.0,61
744,23,51059,31025,2,0,4,1,1,1,46496.07478156354,15471.07478156354,9629.415098045934,0.0,39
745,25,106207,8017,2,3,3,2,2,4,9854.306114554141,1837.3061145541415,2676.0372157222355,0.0,76
746,43,114025,-23950,1,0,3,2,3,2,11975.0,35925.0,1336.7719337565309,0.0,77
747,46,84619,112488,4,0,1,4,3,2,163859.95399216062,51371.95399216062,33640.96033909374,0.0,64
748,71,34211,-42923,1,1,3,2,3,4,21461.5,64384.5,4461.530428515579,0.0,23
749,44,82560,132299,2,0,3,2,2,1,177809.183875926,45510.18387592601,48389.063580926675,8082.696018866309,62
750,59,172195,29991,1,0,2,2,1,3,43431.318454007036,13440.318454007036,5190.998028882602,0.0,91
751,61,41056,90638,4,1,4,3,4,4,130984.43478040128,40346.43478040128,19397.36872874892,0.0,29
752,60,354460,12756,1,0,2,4,2,3,18812.5181908124,6056.5181908124,3410.853704133567,0.0,99
753,67,43455,931772,1,0,3,3,2,2,1201384.8902148223,269612.89021482226,328180.2621996476,51062.6378963246,32
754,62,67909,76462,1,0,3,2,3,4,113541.4674493235,37079.46744932351,32674.5846162919,0.0,53
755,29,38638,57911,1,2,2,2,2,3,72128.15560238104,14217.15560238104,21533.494726710847,0.0,26
756,48,79111,-392164,1,1,4,3,1,1,196082.0,588246.0,57224.315442351966,0.0,60
757,74,16419,-5611,2,1,3,2,3,4,2805.5,8416.5,283.8839192042673,0.0,6
758,69,42751,22283,1,1,1,1,3,3,27287.553081334725,5004.553081334725,2989.124088102468,0.0,31
759,47,27620,23287,1,0,3,1,2,4,30959.70916591497,7672.70916591497,4009.9437549964478,0.0,15
760,69,73737,108900,1,3,3,1,2,4,157741.311385529,48841.311385529,26780.12406600254,4893.334291867961,55
761,42,146613,-69111,3,0,3,3,1,2,34555.5,103666.5,9191.196503953968,0.0,86
762,58,110946,365679,2,2,4,1,1,2,490750.84968867234,125071.84968867234,136689.44223701613,13150.637996315805,77
763,45,9923,5711504,2,3,1,1,1,1,8274747.052758672,2563243.0527586723,1136676.1958438708,0.0,2
764,69,338966,4129,2,2,2,1,1,2,5858.663046337406,1729.6630463374058,1311.946997880622,0.0,99
765,53,83802,300470,1,0,4,2,4,2,379442.08415494964,78972.08415494964,107561.35712303301,15159.853805303735,63
766,56,35553,52276,1,0,1,2,3,2,77612.3207469733,25336.320746973302,14959.491320627809,0.0,24
767,30,75034,50029,1,2,4,2,3,3,60947.04632560813,10918.046325608128,7356.839607865866,0.0,56
768,68,76187,47588,3,0,1,1,2,4,69929.80041677823,22341.800416778235,13395.943477376737,0.0,57
769,45,38813,30848,4,2,4,1,1,2,39835.04145433652,8987.041454336519,6977.465247628272,0.0,27
770,46,77523,1508742,1,2,3,2,4,3,2036868.7257868866,528126.7257868866,439009.57385620347,47413.61247703557,58
771,59,40701,426533,1,2,3,2,2,4,565883.7033955987,139350.70339559868,106234.33051134646,17297.105080832876,29
772,71,47882,124840,1,0,2,1,1,2,156243.54782565235,31403.54782565235,16166.392612955065,0.0,36
773,51,38214,914857,1,2,1,1,2,2,1196124.3503266962,281267.3503266962,357401.41365379683,0.0,26
774,44,21033,12471,2,2,2,3,3,4,15687.025606502235,3216.025606502235,3274.0084861389787,0.0,9
775,48,74359,16382,1,2,2,2,3,3,20660.42047229829,4278.42047229829,4023.1241586146953,0.0,56
776,60,105687,4596,4,0,2,1,1,3,5773.113965513174,1177.1139655131738,1679.5343723816236,0.0,75
777,65,99898,42229,1,0,3,1,3,1,56870.014486396896,14641.014486396896,7459.757721146133,0.0,73
778,63,127508,153667,4,0,3,4,1,4,221185.1158354084,67518.11583540839,30489.819791417976,7932.931146011201,81
779,43,85774,140686,2,0,4,2,1,1,192837.03545092017,52151.03545092017,50446.73730706929,7165.174457571951,65
780,69,43209,150845,2,1,4,2,3,3,221434.72435498552,70589.72435498552,33694.88409720875,4859.437214437066,32
781,62,129538,-4356,2,3,3,3,3,2,2178.0,6534.0,565.943327500589,0.0,82
782,58,22336,402211,2,0,3,3,2,1,559460.7585884798,157249.75858847983,86328.54152488055,23912.653670478045,11
783,61,32191,-51816,2,2,3,3,2,3,25908.0,77724.0,2762.765024773868,0.0,20
784,59,30596,362065,2,0,3,2,3,3,509353.7786899557,147288.7786899557,103604.05851900415,20813.021504775097,19
785,61,157006,7050,2,0,4,2,3,2,9871.989290872612,2821.9892908726124,1375.5362033593206,0.0,89
786,58,140678,192381,4,0,2,1,3,4,256797.42271316441,64416.422713164415,64602.33723887332,0.0,85
787,32,97718,20299,2,0,1,4,2,3,28556.666625551843,8257.666625551843,6517.771495882497,0.0,71
788,31,155989,66437,2,3,4,2,4,1,81113.75206564751,14676.75206564751,23094.75077007103,0.0,89
789,64,32747,268752,3,0,2,1,4,2,391828.4408340835,123076.44083408348,100542.26552714306,0.0,21
790,28,87454,-41467,1,1,4,4,1,4,20733.5,62200.5,2822.973651938042,0.0,66
791,43,59865,-10084,1,1,4,4,3,4,5042.0,15126.0,1311.0795658527804,0.0,46
792,60,130288,121711,1,3,1,4,2,4,174453.6881372108,52742.68813721079,39836.04767013725,0.0,83
793,63,60344,12121,2,0,2,3,2,3,15436.929697117854,3315.9296971178537,3609.0048626378525,0.0,47
794,55,48632,-203094,3,0,3,4,2,4,101547.0,304641.0,27057.459856322133,0.0,37
795,52,101999,-26584,1,0,3,1,1,3,13292.0,39876.0,2854.653905531879,0.0,74
796,41,133377,645528,2,1,2,3,2,2,923369.5362389188,277841.5362389188,178395.64341066146,0.0,84
797,82,38766,54731,2,0,4,3,3,2,65884.78266516732,11153.782665167324,14977.469516584111,0.0,27
798,57,63015,54975,1,3,3,1,1,4,69552.93909664093,14577.939096640926,11100.056891610586,0.0,49
799,77,28374,38319,2,1,2,1,2,2,46731.59815458902,8412.598154589017,6379.7709662875295,0.0,16
800,26,8969,-134630,3,1,1,4,4,1,67315.0,201945.0,15032.62206395319,0.0,1
801,31,77681,41599,1,1,4,1,2,1,59655.79785131634,18056.79785131634,8755.66199193629,0.0,59
802,47,107702,317074,2,0,2,3,2,3,452389.2121832208,135315.21218322078,52469.46789009155,0.0,76
803,66,81605,67936,2,1,4,1,2,4,98105.75307390036,30169.753073900356,9821.449046605692,0.0,62
804,56,13909,6223,1,5,3,1,2,3,7475.96687326943,1252.96687326943,1657.1518259737413,0.0,4
805,39,49977,51252,1,2,3,2,2,2,69209.15391231653,17957.153912316528,11933.717570240035,0.0,38
806,62,11218,20564,4,3,4,1,3,4,29025.075469723954,8461.075469723954,7269.684087072063,0.0,2
807,40,197948,126861,1,2,4,2,2,3,158147.5027778881,31286.50277788809,27681.392376672695,4301.249505619851,94
808,40,27754,20219,1,0,3,2,3,4,28204.235615873327,7985.235615873327,5561.894714434901,0.0,16
809,38,180651,483575,1,0,2,1,2,4,592492.0623821043,108917.06238210434,107488.12925984048,0.0,92
810,49,141025,105175,2,0,4,1,1,3,131931.28407473135,26756.284074731346,30359.361923014363,8115.1087021263365,85
811,47,32193,92374,2,0,3,2,3,4,124034.17649649338,31660.176496493383,21238.1031853849,0.0,20
812,66,26736,-96748,2,0,2,1,3,2,48374.0,145122.0,14161.65925966185,0.0,14
813,30,87578,511887,1,1,4,3,2,1,714629.8515931414,202742.85159314144,205262.70157976894,17900.247628440946,66
814,45,33676,116990,3,2,2,2,1,1,145507.5687487009,28517.568748700898,39229.65254421428,0.0,22
815,46,71824,37918,1,3,1,1,1,4,47608.58947753425,9690.589477534253,13523.698503305757,0.0,55
816,67,44969,8425,1,2,1,2,1,1,10626.738192758463,2201.738192758463,2017.251795522856,0.0,34
817,61,15915,43084,1,3,3,1,1,4,54786.05564089524,11702.05564089524,11356.386677284849,0.0,6
818,70,11110,47771,1,0,4,1,3,3,60572.01116938484,12801.011169384838,15047.20927796963,0.0,2
819,39,79328,141575,3,0,2,1,1,2,186672.97051066588,45097.97051066588,44657.62259450109,0.0,61
820,71,42224,71845,4,2,2,3,3,1,100305.45523930932,28460.455239309318,27898.529924754017,0.0,31
821,57,42511,338371,1,0,2,4,1,3,450510.37574729807,112139.37574729807,109593.94962450217,0.0,31
822,42,115461,-14422,3,0,4,3,1,2,7211.0,21633.0,2160.2493262070857,0.0,78
823,33,169185,110684,2,0,1,2,2,1,158587.1688348218,47903.16883482179,26912.426507043605,0.0,90
824,73,53208,712105,4,0,4,1,1,1,1008184.4098285616,296079.4098285616,268781.50841249054,51799.73366334316,41
825,40,50388,201337,1,1,2,2,3,2,249246.76478816962,47909.76478816962,59701.32099773885,0.0,39
826,46,98727,110188,2,1,4,3,1,3,133840.12823713984,23652.12823713984,31891.062921513654,3307.346437012534,72
827,45,22347,48878,1,1,2,4,2,3,71527.20832955182,22649.208329551824,11813.942927687518,0.0,11
828,56,79104,-13991,3,2,4,1,3,1,6995.5,20986.5,1798.6854677790504,0.0,60
829,37,102899,33660,1,0,2,1,2,2,41198.13411015189,7538.134110151892,11538.57583466349,0.0,74
830,70,114026,-16066,2,0,1,2,1,3,8033.0,24099.0,1154.4199582789365,0.0,78
831,48,14053,374556,1,0,4,3,2,2,466135.59905209584,91579.59905209584,104926.8284801268,27759.863891790923,4
832,76,35987,86436,1,0,4,3,3,2,104297.13354184246,17861.133541842457,18609.421081652188,0.0,24
833,44,32773,15920,2,2,3,2,4,1,22104.934480666372,6184.934480666372,6585.272716562615,0.0,21
834,64,71675,1710427,3,2,4,4,3,2,2351343.1005693735,640916.1005693735,460314.3576233433,52999.26811975129,55
835,30,97206,194842,2,2,3,2,1,2,291497.4852526734,96655.48525267339,42460.699824119765,13227.940595896183,71
836,71,219118,-4383,3,0,4,4,4,4,2191.5,6574.5,386.51819713472923,0.0,96
837,78,44534,62145,1,1,2,4,1,2,91109.5241307392,28964.5241307392,21025.133323994232,0.0,33
838,18,44442,142390,2,1,3,3,1,3,188417.98801245203,46027.98801245203,21709.120053009097,6846.75773105215,33
839,50,165999,-466454,1,1,3,2,3,1,233227.0,699681.0,51477.95300948771,0.0,90
840,48,83889,22875,1,1,3,1,1,1,30000.007833262272,7125.0078332622725,8587.35079730517,0.0,63
841,22,182429,521289,2,1,4,2,1,2,671970.5100293338,150681.51002933376,181480.79422941574,34879.8848763131,92
842,46,83364,-295155,2,1,2,2,1,2,147577.5,442732.5,16755.168271228707,0.0,63
843,40,26220,46958,2,2,2,3,2,3,58496.61724534165,11538.617245341651,17471.65122693329,0.0,13
844,40,22776,-23855,2,0,3,1,3,4,11927.5,35782.5,2859.5630764956036,0.0,11
845,67,19125,25477,2,2,4,1,2,1,31627.787195774814,6150.787195774814,4189.295395049253,0.0,7
846,40,112380,88859,1,0,2,3,1,4,110157.17940300766,21298.179403007656,11289.26221272475,0.0,77
847,75,171249,114132,1,0,3,1,2,3,140865.64364017243,26733.643640172435,18912.132125153134,5716.559189278182,91
848,38,290538,324316,2,4,4,2,4,1,412579.7710634382,88263.77106343821,110420.86299982553,10879.30868694868,98
849,57,129895,618637,1,4,2,2,3,3,799279.3684353046,180642.3684353046,83387.11003863782,0.0,82
850,28,167756,39255,1,0,4,2,1,2,58430.034752439795,19175.034752439795,8567.564485812467,0.0,90
851,46,41605,6304,1,1,4,1,4,3,8658.808612294766,2354.808612294766,2177.3537034344035,0.0,30
852,37,26235,116790,2,0,3,3,3,2,174750.39315162183,57960.39315162183,37959.64863086356,7985.555347761228,14
853,53,130622,187269,1,1,4,2,1,4,245648.2538557098,58379.2538557098,63020.35748166892,6285.240956372334,83
854,62,92424,175277,2,2,4,4,1,1,234395.82698411384,59118.82698411384,58418.49557823002,13339.63518269872,69
855,45,72110,73864,2,4,3,2,1,1,95829.20342417526,21965.203424175255,10552.738466425699,0.0,55
856,24,90210,145383,1,1,3,1,3,4,182436.22660508804,37053.22660508804,50808.90576080667,4732.027912274954,68
857,45,85694,1170764,2,0,4,1,1,2,1455200.425780953,284436.4257809529,211595.40696077293,63181.75897524452,65
858,56,184804,213758,2,1,3,1,2,1,317115.071749502,103357.07174950198,66809.3238527689,14140.45969349022,93
859,33,186463,68868,2,0,4,2,1,3,103029.50341023502,34161.50341023502,23579.088105054067,0.0,93
860,57,102270,56937,2,3,3,1,4,2,69091.5036008153,12154.503600815297,9239.30568799485,0.0,74
861,28,130175,93453,1,3,2,2,1,1,116358.68190939233,22905.681909392326,34354.46464463424,0.0,82
862,38,99832,1404384,2,1,2,2,4,3,1863697.9376526237,459313.93765262375,368324.8434878149,0.0,73
863,53,45755,91587,1,0,1,1,4,3,115024.11722938657,23437.117229386567,12828.471758101143,0.0,34
864,45,121206,117044,4,0,1,1,1,1,153229.80503749946,36185.805037499464,44046.27658182126,0.0,80
865,62,21685,58485,3,0,4,3,2,4,72447.0600064622,13962.060006462198,15739.382323782593,0.0,10
866,21,153754,626857,2,2,4,4,1,4,838078.6770850054,211221.67708500545,201003.6497867138,31131.17495900712,88
867,50,25447,2280159,1,1,4,1,4,1,2922042.8772929646,641883.8772929646,599121.5229900975,93171.11310966055,12
868,46,83170,237024,1,0,3,1,2,3,309451.78318084223,72427.78318084223,82607.40803697659,16106.858801696599,63
869,60,33653,136510,1,1,4,4,1,4,167674.3860153539,31164.3860153539,17878.56518749731,9448.503507535454,22
870,58,103023,127411,1,2,3,1,1,4,169257.66692070896,41846.66692070896,26010.785883831664,9700.404530030495,74
871,51,64399,-1011,1,0,4,4,2,4,505.5,1516.5,98.0314488323122,0.0,50
872,62,18475,368695,2,3,3,1,4,2,551190.6494620428,182495.64946204284,63563.70435162328,17995.35976951931,7
873,19,92647,147450,1,3,4,3,3,4,191485.92982878946,44035.92982878946,46182.83197255074,8155.840912581542,69
874,33,41675,229237,4,3,4,2,3,1,335357.4053031166,106120.4053031166,59939.32875040488,11039.233742635251,30
875,38,133909,41473,1,0,2,4,2,1,60258.59940016773,18785.59940016773,9311.978178980158,0.0,84
876,63,66241,-20319,4,0,3,2,1,2,10159.5,30478.5,1022.8154788300129,0.0,52
877,55,90792,65085,4,0,3,2,4,2,96691.4166464622,31606.416646462196,23589.42418227973,0.0,68
878,27,30759,558178,2,0,2,1,1,1,802120.1242014667,243942.12420146668,213975.05769883445,0.0,19
879,47,41296,-20494,2,0,3,1,4,2,10247.0,30741.0,1834.296073825663,0.0,29
880,56,45848,2741430,1,1,2,3,2,4,3832187.5588811543,1090757.5588811543,815656.5783049866,0.0,35
881,39,131316,230105,2,1,1,2,1,3,335257.30906168773,105152.30906168773,48792.45200986723,0.0,83
882,28,253191,17791,1,3,4,4,3,3,21752.938354072474,3961.938354072474,4882.219244123393,0.0,97
883,42,34747,99427,1,0,3,2,4,3,133117.75912599175,33690.75912599175,13634.918163080101,0.0,23
884,76,156604,45364,2,1,4,3,4,1,67899.78600256005,22535.786002560053,13425.741809148542,0.0,89
885,79,11663,4484,1,2,4,2,1,2,6416.066123521674,1932.066123521674,1468.2596060771718,0.0,2
886,48,25454,-398408,2,2,3,4,1,3,199204.0,597612.0,56501.89479889118,0.0,13
887,47,30729,346179,1,3,3,4,2,4,515329.88768806437,169150.88768806437,90835.73753061904,14835.18640033424,19
888,56,22426,268286,1,2,4,2,2,4,384692.69486088795,116406.69486088795,97341.88573927323,18123.161455953945,11
889,52,18641,154524,1,3,4,3,3,4,225985.87834110897,71461.87834110897,49612.35352108504,7259.938084970002,7
890,33,92078,15168,1,0,2,3,1,2,21416.592438832442,6248.592438832442,6112.347365558718,0.0,69
891,30,55756,58370,1,1,4,1,4,3,83361.15059935028,24991.15059935028,14977.95934314801,0.0,43
892,68,89637,426203,1,0,4,2,2,4,578337.6111982875,152134.61119828746,94742.72844115866,21910.01883127332,67
893,29,114964,24913,1,0,4,1,3,2,36803.260152114744,11890.260152114744,10210.269569172995,0.0,78
894,76,81837,2703,3,0,4,3,2,4,3912.6240526244837,1209.6240526244837,429.79737114388183,0.0,62
895,24,111995,85762,1,0,3,1,2,3,124626.37872762477,38864.378727624775,15862.081399296143,0.0,77
896,76,62590,97476,2,0,4,1,4,3,136651.87053764233,39175.87053764233,15917.331079065527,0.0,49
897,43,25601,147760,1,0,4,2,2,3,190813.41989448358,43053.41989448358,51256.680821734946,7415.140982526318,13
898,23,154237,359610,3,0,1,2,3,3,435375.8492160744,75765.84921607439,44461.22811317689,0.0,88
899,66,41303,313767,1,3,4,3,4,3,464593.71089683333,150826.71089683333,126523.47016832,20593.488739375123,30
900,55,31304,177753,1,0,3,4,3,4,244558.99510836706,66805.99510836706,46528.21922298975,13489.636296402583,20
901,54,57392,724543,2,2,3,2,2,3,934256.8208233761,209713.82082337607,94177.81092734527,45890.96184639156,45
902,48,31880,12351,1,0,3,1,1,4,15373.790315107482,3022.7903151074825,2772.3407786171715,0.0,20
903,47,47384,257010,2,3,2,3,1,3,372370.72462960467,115360.72462960467,51148.905371232366,0.0,36
904,39,87137,308601,1,3,3,2,1,4,447766.4905580152,139165.49055801518,100693.7720514264,16534.573036863814,66
905,46,87436,18782,4,2,4,2,1,3,27127.82659722829,8345.82659722829,6398.688149782282,0.0,66
906,53,32264,12653,1,2,1,2,1,4,17632.269390436726,4979.269390436726,3482.470430372886,0.0,20
907,28,44794,39382,1,0,2,2,1,3,51582.725398242976,12200.725398242976,5576.29405062862,0.0,33
908,62,156289,44698,2,4,1,2,2,2,57715.00007673238,13017.00007673238,13345.194806553114,0.0,89
909,39,98431,373296,1,3,3,3,2,4,448913.23843980976,75617.23843980976,120491.79529203552,25742.58762557831,72
910,22,348032,-14388,3,3,4,2,1,2,7194.0,21582.0,1755.8025702172263,0.0,99
911,46,170093,33372,1,2,4,3,1,4,48392.14543456319,15020.145434563186,12871.903407186954,0.0,91
912,52,165286,-14451,2,0,4,2,3,4,7225.5,21676.5,1012.3063124833875,0.0,90
913,38,21800,645608,1,3,3,1,2,4,791663.7746890427,146055.7746890427,219906.45378570765,40059.05073119225,10
914,34,121916,122953,3,0,2,3,2,1,170809.56578223195,47856.56578223195,28087.701258834695,0.0,80
915,29,63418,92145,2,1,4,2,2,3,124508.39579297398,32363.395792973984,12784.641962981039,0.0,50
916,44,42583,102231,1,0,4,1,3,2,138830.39395571995,36599.39395571995,37300.71829933762,3376.7428709255596,31
917,32,75690,837427,1,3,3,2,2,2,1237728.7073722659,400301.70737226587,356916.7150995103,29128.373509198565,57
918,37,140951,39192,1,0,4,2,2,4,47402.116656522754,8210.116656522754,10955.180895475663,0.0,85
919,35,98781,-260221,4,0,4,3,4,2,130110.5,390331.5,19033.517141582284,0.0,72
920,29,32768,165337,1,1,4,2,3,2,236765.5050730342,71428.5050730342,35597.43155434216,5273.563689115116,21
921,71,119846,94785,1,2,3,3,2,2,115222.13597377356,20437.135973773562,22274.579098855887,0.0,79
922,44,39732,-1540130,1,1,4,1,2,2,770065.0,2310195.0,215284.15806265338,0.0,27
923,74,78695,24749,1,0,1,2,1,1,29982.079077988397,5233.079077988397,3895.2576590984017,0.0,60
924,41,51912,-21279,2,0,3,4,2,4,10639.5,31918.5,2821.5393715067016,0.0,40
925,63,55542,18984,4,2,3,3,4,2,25228.6977544548,6244.697754454799,3992.7078786146803,0.0,43
926,67,122148,-150952,2,4,2,1,2,1,75476.0,226428.0,19753.36994476612,0.0,80
927,72,28791,-455800,3,2,1,1,4,1,227900.0,683700.0,64735.961186678134,0.0,16
928,55,313688,1476055,2,1,2,2,2,4,1799196.7279394423,323141.72793944227,333748.78793521295,0.0,99
929,43,15415,756095,1,3,4,2,4,3,1086314.3387558442,330219.33875584416,187943.38586099204,39952.67700814837,5
930,54,41022,89641,1,1,4,3,2,3,121810.36958331917,32169.369583319174,31724.812028634326,0.0,29
931,54,88980,69712,2,1,4,3,1,3,84261.70548503345,14549.705485033453,17349.196687387164,0.0,67
932,37,105603,9830,4,1,2,2,2,2,11915.436524435181,2085.436524435181,2822.645490678175,0.0,75
933,48,61060,2555632,3,1,3,3,1,4,3536484.9899985497,980852.9899985497,794173.7485689472,182197.8332053279,48
934,37,63201,243644,1,2,4,2,1,3,351294.09231046936,107650.09231046936,45871.19888208377,11123.361785672041,50
935,71,91898,57645,1,1,2,1,3,2,76745.0861941003,19100.086194100295,20641.21042268352,0.0,69
936,24,55003,883887,1,0,4,2,1,4,1207720.3938064827,323833.39380648267,168060.35831132444,43494.31958765322,43
937,52,201701,28025,4,0,4,4,3,2,40354.56613492455,12329.56613492455,11559.824901355169,0.0,95
938,35,129505,221889,3,0,1,3,1,3,306906.18133558956,85017.18133558956,46070.993774098664,0.0,82
939,54,133020,93065,2,1,4,2,1,3,117953.19345531541,24888.193455315413,29108.040228278107,0.0,84
940,44,30548,314272,1,0,4,2,4,1,434925.92588221584,120653.92588221584,68253.394702735,23719.319490049686,19
941,44,62099,109605,2,0,1,4,2,1,152184.77103325282,42579.77103325282,24890.897032025394,0.0,48
942,43,52032,-4103,1,2,1,2,2,4,2051.5,6154.5,332.34376019657986,0.0,40
943,44,29599,135045,1,2,1,2,2,2,191795.24316992753,56750.24316992753,47867.95966216033,0.0,17
944,58,88267,581459,2,2,2,4,2,2,806054.665266777,224595.66526677704,170370.1512327377,0.0,66
945,53,43039,115401,1,1,3,3,4,3,172036.6533290964,56635.653329096414,47583.70244345167,8291.004724649365,32
946,68,111783,385645,1,3,3,2,3,3,485598.97494455817,99953.97494455817,78411.87296873696,24392.97396498862,77
947,39,28109,25127,3,3,2,2,2,4,37321.81665164458,12194.816651644578,8897.465271666642,0.0,16
948,53,261772,115914,2,2,4,2,3,1,157817.12510532953,41903.12510532953,39547.34918071612,5023.734679872061,98
949,60,32303,47251,1,1,3,1,1,3,66226.37987835752,18975.37987835752,8629.060380295412,0.0,20
950,43,78860,369708,2,0,1,4,2,2,454681.12448125624,84973.12448125624,81896.19633640473,0.0,60
951,75,124677,126403,1,4,2,2,4,3,166115.38221540506,39712.38221540506,32652.22074440105,0.0,81
952,53,41918,339459,2,0,3,3,2,1,485702.6027037726,146243.6027037726,83121.91847449908,12170.309233596816,30
953,68,130871,616347,2,0,3,1,3,2,870327.1450269653,253980.1450269653,143101.3817081054,18985.300359121004,83
954,46,24751,340247,2,1,2,2,3,1,412393.5919215349,72146.59192153491,97854.39232257084,0.0,12
955,23,211439,181621,2,0,2,1,3,4,247727.09901918992,66106.09901918992,35467.90119550058,0.0,95
956,68,66924,26975,1,4,4,3,4,4,33084.391276596856,6109.391276596856,8002.391324436683,0.0,52
957,49,41063,120068,1,1,4,2,1,1,179952.74692156908,59884.74692156908,51648.02901887352,4244.467871913381,29
958,71,52086,-16258,1,1,2,2,1,2,8129.0,24387.0,1731.7981299307878,0.0,40
959,48,126390,71962,1,2,3,1,2,1,105725.77713120988,33763.77713120988,23501.4496819028,0.0,81
960,66,41457,-20624,2,1,3,1,3,3,10312.0,30936.0,1173.3668048607215,0.0,30
961,81,36334,27725,1,0,4,1,1,3,33445.338393114354,5720.338393114354,9127.07835421743,0.0,24
962,49,55424,6399,1,1,3,1,1,1,9327.14959661938,2928.1495966193797,1465.197802309362,0.0,43
963,47,25807,44257,1,2,4,2,1,3,65315.75874957403,21058.75874957403,14566.082584219015,0.0,13
964,60,283916,161146,4,1,3,2,4,1,210467.06456196317,49321.06456196317,62260.879304812945,7191.917325211194,98
965,49,42061,-4787,1,2,3,2,3,3,2393.5,7180.5,524.417094894203,0.0,31
966,38,128706,123441,2,0,3,2,2,1,174774.0011402254,51333.00114022539,42809.47547170879,7108.905861915826,82
967,53,78243,2085256,1,0,4,1,1,3,2778877.0468206746,693621.0468206746,525385.3977982535,69230.50782799556,59
968,51,30102,559380,1,0,4,1,2,2,781213.1841666946,221833.18416669464,87553.03698213075,20591.5547317887,18
969,56,65856,1418786,1,0,1,1,1,2,1847394.470632384,428608.47063238407,479435.5726687228,0.0,51
970,73,123896,216791,2,2,2,3,1,3,281127.5818406889,64336.58184068889,30080.586106422972,0.0,81
971,51,56919,694720,2,2,3,2,4,1,922122.8133801412,227402.81338014116,221430.79501619202,27131.61927536864,44
972,35,171869,40702,3,0,2,1,4,3,50619.86967380223,9917.869673802234,5294.044376490853,0.0,91
973,82,149823,-13759,1,1,4,1,1,4,6879.5,20638.5,1874.395775005841,0.0,87
974,26,138016,1980,1,2,4,3,1,4,2869.6965448746173,889.6965448746173,377.44317196298886,0.0,85
975,61,45810,714414,4,0,4,3,1,1,932031.1974650664,217617.19746506645,189066.5352904009,44007.26274882879,34
976,36,27892,1215281,1,0,4,2,2,3,1604225.4450060748,388944.44500607485,352015.4154276411,73876.31213471823,16
977,67,40502,52587,2,4,2,2,1,3,77209.09497545031,24622.09497545031,14786.242860240007,0.0,28
978,69,77419,82377,2,1,4,1,1,2,111125.51397932456,28748.51397932456,18686.054977789092,0.0,58
979,40,102398,38917,1,4,4,4,1,1,53054.61881706226,14137.618817062263,10269.403713916969,0.0,74
980,62,11646,-64215,2,0,3,3,3,4,32107.5,96322.5,5210.506263547861,0.0,2
981,36,65743,651738,1,2,4,2,3,4,969101.452453793,317363.452453793,181827.14582708516,37499.887648716714,51
982,33,75092,8829,1,0,2,3,2,1,12943.472171036134,4114.472171036134,2223.4632792648836,0.0,56
983,26,52995,222828,1,0,4,3,2,4,278722.178342458,55894.17834245798,59434.9861934295,9475.776573107341,41
984,57,185910,79617,3,1,3,1,4,1,106843.18831109694,27226.188311096936,15768.434045209844,0.0,93
985,64,92727,142927,1,0,2,2,4,4,213159.7367693039,70232.73676930391,63464.32787707394,0.0,69
986,61,188745,240023,2,0,4,1,1,4,314840.54279991717,74817.54279991717,63022.88787899375,11654.553082269686,94
987,42,55671,90916,4,0,3,1,1,1,119233.78222015765,28317.78222015765,16553.51399278677,0.0,43
988,34,140081,103220,2,0,2,3,2,1,129903.30615758295,26683.30615758295,25384.840221086364,0.0,85
989,31,244764,87481,2,2,1,1,1,4,107977.53010387656,20496.53010387656,29508.42615653182,0.0,97
990,55,188972,516832,1,1,3,3,2,4,734982.3616847987,218150.36168479873,76703.7578307479,18003.57697371342,94
991,79,27619,225966,1,0,3,4,2,2,323359.41146718204,97393.41146718204,76283.98514964465,9337.599839439632,15
992,70,54017,167858,1,0,4,1,2,3,250226.57340830597,82368.57340830597,52445.878166799295,12570.09019526172,42
993,68,50204,17918,2,0,4,2,1,1,25659.032250900687,7741.032250900687,3436.0420342783373,0.0,39
994,56,97870,68331,4,1,3,3,2,1,86985.75578094294,18654.75578094294,22920.33675930482,0.0,71
995,81,114586,464168,4,0,4,3,4,3,562587.8495733071,98419.84957330709,97764.78624574137,36662.11792798128,78
996,29,33822,127585,3,2,3,3,1,2,190820.10860544094,63235.10860544094,30294.677869958898,7959.13241169585,22
997,58,69861,324258,3,0,4,2,3,4,422227.75849067356,97969.75849067356,112154.26455054701,24592.10435124651,54
998,70,13148,1706180,1,0,2,2,1,4,2207099.881880204,500919.8818802042,502567.6989934554,0.0,3
999,31,209725,-171774,2,3,3,2,1,2,85887.0,257661.0,24018.455583915926,0.0,95
1000,50,43918,138654,3,2,3,4,2,2,204069.09409577725,65415.094095777255,46114.86876835266,8615.55677291296,33
